Date,TCS.NS,INFY.NS,RELIANCE.NS,ITC.NS,HDFCBANK.NS
2023-01-02,2877.781,1368.0973,1170.4778,274.9213,770.9272
2023-01-03,2921.8113,1366.7957,1161.9124,273.4759,775.9682
2023-01-04,2924.7231,1341.8845,1144.4183,270.0894,762.0995
2023-01-05,2921.5906,1324.2893,1142.3735,275.4168,757.2003
2023-01-06,2833.7512,1300.3208,1152.7562,276.7384,754.6917
2023-01-09,2929.3992,1332.5931,1179.9747,279.2163,756.1591
2023-01-10,2899.7964,1319.397,1162.5259,275.3755,742.3376
2023-01-11,2937.1199,1320.7435,1147.8718,274.054,753.035
2023-01-12,2942.1057,1329.1371,1123.0844,272.4434,757.0583
2023-01-13,2977.5769,1349.829,1121.2667,271.5348,757.6501
2023-01-16,3008.7104,1369.444,1110.5884,272.7325,750.3843
2023-01-17,3048.7317,1382.0116,1126.3561,274.4257,761.5551
2023-01-18,3059.2004,1387.3083,1124.4929,276.408,774.998
2023-01-19,3043.9497,1381.473,1123.2889,274.3431,778.2166
2023-01-20,3034.9258,1369.4889,1109.9297,276.3668,786.1924
2023-01-23,3081.6702,1389.6422,1104.3177,278.9685,791.9435
2023-01-24,3100.9827,1393.1434,1097.7972,279.9597,802.5463
2023-01-25,3095.0713,1385.1537,1082.6205,280.2074,780.3703
2023-01-27,3078.1965,1363.7435,1062.0817,285.7827,764.8212
2023-01-30,3098.5908,1381.3834,1072.2603,284.7915,764.0402
2023-01-31,3030.9546,1376.8499,1069.5791,291.0276,758.999
2023-02-01,3075.7595,1392.425,1063.2405,298.5025,770.3829
2023-02-02,3122.7305,1421.7351,1057.356,312.709,758.9281
2023-02-03,3142.4937,1435.7839,1058.2875,314.4023,785.1748
2023-02-06,3122.324,1409.2571,1050.3129,316.6736,781.8377
2023-02-07,3133.6951,1402.5691,1047.791,308.2902,782.9973
2023-02-08,3176.6047,1427.7946,1068.7159,310.1898,782.9027
2023-02-09,3195.3303,1451.5836,1070.5789,309.1161,781.2697
2023-02-10,3192.3521,1443.9979,1061.7635,306.7208,784.3701
2023-02-13,3142.5837,1407.1024,1055.7202,309.0748,784.9617
2023-02-14,3158.5569,1430.2633,1080.5985,319.1928,792.2274
2023-02-15,3177.1011,1433.6744,1105.0675,320.856,790.6181
2023-02-16,3210.8518,1437.9385,1104.2042,321.1497,787.7545
2023-02-17,3159.5039,1421.7799,1108.8163,321.8633,783.802
2023-02-20,3147.0059,1429.5449,1097.0929,322.409,776.4416
2023-02-21,3114.2476,1417.9198,1106.0446,320.8979,779.3527
2023-02-22,3069.6233,1402.0304,1080.9618,322.2411,764.0638
2023-02-23,3080.678,1392.0659,1075.7819,325.3892,758.8807
2023-02-24,3068.6306,1392.021,1083.1431,323.2905,752.1119
2023-02-27,3006.7244,1354.9011,1075.9408,320.856,753.9817
2023-02-28,2989.5793,1335.376,1055.3567,316.2386,757.153
2023-03-01,3055.3196,1343.0066,1065.058,317.9177,756.4194
2023-03-02,2997.3391,1321.5515,1056.947,315.2733,749.9819
2023-03-03,3016.0198,1327.9702,1083.9154,323.1646,764.8685
2023-03-06,3042.8215,1353.2402,1094.5028,325.8509,770.2646
2023-03-08,3059.561,1339.9991,1098.4333,329.4188,771.8029
2023-03-09,3011.2371,1328.9575,1072.0331,325.3053,771.8738
2023-03-10,3005.9578,1321.0129,1055.4248,325.725,751.97
2023-03-13,2961.6943,1288.2916,1038.0669,322.0732,742.4559
2023-03-14,2901.2322,1274.7365,1034.1819,318.7572,740.4678
2023-03-15,2886.7485,1274.4224,1016.5058,318.5053,729.8414
2023-03-16,2874.2046,1260.4628,1011.4392,320.2263,734.5748
2023-03-17,2869.0603,1275.3647,1010.1671,315.2733,744.3965
2023-03-20,2836.5737,1260.0591,1000.2385,318.0016,739.2372
2023-03-21,2803.0037,1248.4337,1031.3419,316.4485,747.6152
2023-03-22,2825.2937,1247.1322,1034.4773,317.1201,745.8876
2023-03-23,2819.7432,1233.936,1021.3906,319.5547,739.8998
2023-03-24,2815.9985,1239.4117,1001.17,317.9177,738.7166
2023-03-27,2817.6228,1246.8627,1016.733,319.177,741.9351
2023-03-28,2811.8474,1236.6738,1021.4816,318.7991,747.9702
2023-03-29,2832.6028,1242.0153,1015.438,321.3177,751.5676
2023-03-31,2893.0649,1281.8728,1059.219,321.9473,761.8629
2023-04-03,2887.7405,1266.5225,1059.4008,318.0856,762.3361
2023-04-05,2923.657,1277.9235,1056.8562,324.3818,782.7844
2023-04-06,2906.4207,1276.442,1063.9446,325.1793,788.7484
2023-04-10,2944.9543,1281.559,1056.4017,326.1867,785.009
2023-04-11,2900.1941,1262.3032,1061.6273,332.441,787.3048
2023-04-12,2925.3264,1282.1873,1066.3076,330.3842,797.5289
2023-04-13,2877.6792,1247.0872,1070.3291,332.1051,801.1025
2023-04-17,2833.1445,1129.578,1075.7589,335.925,788.8904
2023-04-18,2825.2483,1130.5206,1063.4448,334.5397,785.5534
2023-04-19,2788.1138,1106.1481,1068.7386,334.7496,788.4407
2023-04-20,2801.8303,1098.2483,1066.0349,336.0509,791.3755
2023-04-21,2852.4111,1101.7943,1067.3755,342.7248,792.6534
2023-04-24,2864.9998,1100.8517,1071.4651,343.1026,799.0672
2023-04-25,2866.0825,1099.595,1079.6667,345.4952,787.7071
2023-04-26,2886.0715,1101.9738,1073.3281,346.0828,791.3282
2023-04-27,2876.8667,1118.7606,1080.1213,349.2309,795.6829
2023-04-28,2905.1121,1124.5957,1099.8649,357.2482,798.8069
2023-05-02,2905.2476,1146.7689,1109.2025,356.3247,798.6412
2023-05-03,2869.6016,1139.3182,1099.6831,358.5913,801.4338
2023-05-04,2906.4207,1143.2679,1112.3607,356.4507,817.8351
2023-05-05,2915.4451,1130.2961,1109.5206,359.9345,769.4835
2023-05-08,2933.4036,1136.1313,1123.2206,362.2012,778.3823
2023-05-09,2962.8672,1140.7095,1126.6969,355.779,778.4059
2023-05-10,2966.0701,1134.0216,1134.4442,357.0803,782.0034
2023-05-11,2961.8748,1127.6031,1127.0377,352.9247,782.524
2023-05-12,2954.7905,1117.818,1128.8779,352.9667,789.4348
2023-05-15,2937.4185,1129.6229,1131.1045,359.1371,793.2216
2023-05-16,2940.2161,1134.9641,1114.9961,355.905,788.6732
2023-05-17,2895.592,1119.3442,1108.4073,358.9691,784.4361
2023-05-18,2887.6055,1118.5363,1106.0219,352.3371,787.572
2023-05-19,2908.3608,1139.0935,1109.6116,352.463,788.4817
2023-05-22,2976.8093,1160.5487,1115.5414,356.5766,785.6809
2023-05-23,2975.3208,1167.057,1115.3368,360.2703,783.8376
2023-05-24,2981.0059,1165.8002,1108.839,363.9221,773.5921
2023-05-25,2972.1174,1170.9171,1108.7026,370.3443,770.6237
2023-05-26,3004.0627,1182.677,1138.9429,372.4011,773.5921
2023-05-29,2996.3469,1179.939,1145.3496,377.0183,783.0238
2023-05-30,2992.6011,1188.4224,1145.0543,386.1734,783.6222
2023-05-31,2968.5073,1183.4402,1122.3118,382.3966,771.2222
2023-06-01,2999.6406,1184.5175,1119.2902,377.4182,767.9426
2023-06-02,2983.0364,1181.788,1115.6323,380.5941,769.1395
2023-06-05,2967.9656,1186.792,1125.6517,378.2336,768.1341
2023-06-06,2916.8889,1163.5928,1126.6058,380.0791,765.7403
2023-06-07,2955.3313,1172.6447,1135.1486,381.0662,769.7141
2023-06-08,2920.6338,1167.0498,1135.8301,380.1649,770.1928
2023-06-09,2896.1326,1151.7203,1127.7874,376.3452,771.1025
2023-06-12,2930.064,1175.3741,1128.7869,375.0578,766.4106
2023-06-13,2927.1768,1187.1102,1145.4634,382.3108,767.7032
2023-06-14,2933.8096,1183.0619,1159.5497,381.5383,766.8654
2023-06-15,2924.0364,1170.6888,1159.8677,384.6284,757.4337
2023-06-16,2886.3982,1175.1014,1171.1595,388.9202,767.3442
2023-06-19,2918.6719,1177.2394,1159.5269,389.3493,768.0144
2023-06-20,2934.4001,1185.7913,1161.9352,388.7056,769.6183
2023-06-21,2962.1289,1182.1066,1165.2069,383.7271,783.0716
2023-06-22,2944.219,1165.9127,1152.1202,384.2422,786.9017
2023-06-23,2924.0811,1150.856,1142.6915,381.7529,786.8538
2023-06-26,2899.8079,1155.7233,1133.9672,382.5683,783.0477
2023-06-27,2906.8079,1163.7292,1134.3761,382.0533,794.0833
2023-06-28,2923.2632,1176.6479,1149.3939,385.7013,802.4857
2023-06-30,3002.176,1214.9946,1158.8226,387.6326,814.5745
2023-07-03,2974.9473,1213.3571,1188.5629,397.6324,823.3839
2023-07-04,3008.1758,1223.7739,1176.3169,400.2933,827.4054
2023-07-05,3018.2671,1225.73,1174.3856,407.8039,801.1212
2023-07-06,3020.9492,1222.6366,1199.0366,406.7739,801.9351
2023-07-07,3026.7224,1210.1729,1196.6965,402.0529,794.9451
2023-07-10,2974.6292,1209.2175,1242.7949,399.8642,793.0539
2023-07-11,2975.0378,1226.9125,1256.2677,406.1302,789.1998
2023-07-12,2963.6736,1212.9933,1257.6536,405.4006,781.8029
2023-07-13,3036.9951,1241.9237,1246.4073,405.143,785.7048
2023-07-14,3195.2751,1297.2831,1245.3622,405.9156,787.3326
2023-07-17,3174.4106,1294.5537,1270.8085,405.4435,803.8022
2023-07-18,3179.0928,1342.0891,1281.6003,405.5722,803.132
2023-07-19,3154.7278,1341.8617,1291.3242,411.0228,806.7706
2023-07-20,3156.7791,1318.7081,1289.7606,422.4389,808.5181
2023-07-21,3070.1868,1211.4465,1249.8346,420.9797,802.2941
2023-07-24,3094.2959,1215.9954,1224.5549,404.5851,803.5629
2023-07-25,3098.3066,1214.1759,1223.7673,396.817,812.2764
2023-07-26,3088.4167,1227.14,1243.6562,405.3576,809.4516
2023-07-27,3096.2551,1231.0521,1232.0872,399.1775,801.0493
2023-07-28,3058.4282,1219.5435,1244.4686,402.0959,786.8538
2023-07-31,3118.6326,1233.3719,1255.0039,399.7354,790.5403
2023-08-01,3146.5244,1242.0146,1237.2563,398.9629,795.8307
2023-08-02,3136.1331,1234.4181,1224.0382,394.9286,785.4175
2023-08-03,3099.0359,1241.196,1218.8934,391.4523,779.7443
2023-08-04,3138.7766,1253.9783,1235.4595,390.5081,791.0191
2023-08-07,3175.6921,1267.3063,1242.4994,390.4652,790.5643
2023-08-08,3163.4329,1264.7589,1235.0164,388.2764,789.918
2023-08-09,3156.0493,1268.5801,1243.1641,393.6841,790.2052
2023-08-10,3137.4551,1263.7581,1248.7025,387.7614,783.1913
2023-08-11,3143.562,1248.0647,1253.9701,385.1863,775.0284
2023-08-14,3144.519,1267.8066,1268.7883,385.5726,771.2461
2023-08-16,3152.3118,1290.5052,1267.7546,386.4738,768.9958
2023-08-17,3131.6672,1284.1826,1249.4655,378.5341,764.7349
2023-08-18,3069.0933,1263.4852,1258.7207,379.092,761.5989
2023-08-21,3100.585,1278.5874,1244.9863,384.3708,761.0005
2023-08-22,3082.811,1277.0862,1244.6899,389.9073,757.7448
2023-08-23,3097.4861,1280.9072,1246.0732,386.6455,759.612
2023-08-24,3087.9153,1295.1453,1225.1259,387.0317,756.117
2023-08-25,3082.0364,1291.9611,1219.4691,380.5512,747.595
2023-08-28,3076.7952,1287.9125,1207.3157,378.8774,755.3749
2023-08-29,3077.3418,1289.7319,1195.7551,377.7615,761.3835
2023-08-30,3090.8323,1305.6527,1194.6188,380.0791,755.8297
2023-08-31,3059.7048,1305.9259,1189.1595,377.4182,752.3587
2023-09-01,3080.1218,1313.568,1191.9509,378.577,753.9147
2023-09-04,3115.9438,1332.9005,1190.9875,375.5298,758.6306
2023-09-05,3125.8337,1345.4552,1197.3608,380.3366,754.0105
2023-09-06,3126.3347,1344.136,1199.8802,384.0705,763.873
2023-09-07,3149.4409,1333.9011,1201.5106,382.74,771.2222
2023-09-08,3137.2729,1336.9944,1209.5142,379.9504,777.2307
2023-09-11,3172.5933,1343.2263,1222.5569,383.8559,781.2524
2023-09-12,3263.8789,1365.6521,1204.8949,387.2464,783.694
2023-09-13,3252.0757,1363.1501,1210.9222,389.2635,787.0454
2023-09-14,3244.9658,1370.9741,1212.0339,386.2163,786.5666
2023-09-15,3279.8308,1375.2047,1214.2817,384.843,795.5914
2023-09-18,3286.9858,1357.1914,1203.7091,388.0189,779.9357
2023-09-20,3286.8945,1355.7811,1176.8827,388.7914,748.6483
2023-09-21,3267.9812,1366.2435,1168.311,384.1134,743.6931
2023-09-22,3284.7068,1361.1489,1163.4447,380.3366,732.3463
2023-09-25,3260.5525,1341.134,1156.2811,379.9074,732.9926
2023-09-26,3268.3459,1328.8519,1157.2939,379.7787,736.1764
2023-09-27,3271.6272,1334.629,1170.3367,385.5297,731.0056
2023-09-28,3223.7283,1309.5648,1153.1439,378.3195,729.4975
2023-09-29,3216.2996,1305.9259,1158.5289,381.4525,730.7424
2023-10-03,3202.8547,1304.6067,1145.2638,377.4612,722.0049
2023-10-04,3224.6399,1314.0228,1143.2878,374.3281,732.2983
2023-10-05,3271.6729,1331.3994,1143.2632,374.2852,735.2667
2023-10-06,3300.8857,1345.2733,1145.1899,379.5212,734.4529
2023-10-09,3316.3362,1342.3165,1135.4326,378.062,725.9307
2023-10-10,3307.7224,1360.2391,1140.447,381.4525,730.0482
2023-10-11,3290.4036,1359.5566,1158.5536,384.7572,737.11
2023-10-12,3229.0149,1333.2644,1160.7026,386.8601,742.0174
2023-10-13,3254.8103,1302.0139,1160.6534,384.843,735.2667
2023-10-16,3212.1521,1304.7432,1158.0597,385.358,732.3223
2023-10-17,3196.6565,1312.2943,1163.593,389.2206,737.876
2023-10-18,3178.6091,1310.5657,1148.1542,387.6755,727.6064
2023-10-19,3157.9561,1304.2883,1139.3354,386.6026,725.3083
2023-10-20,3193.5051,1298.4657,1135.8524,376.2165,729.0667
2023-10-23,3116.3752,1281.5441,1118.1162,374.1565,721.0474
2023-10-25,3098.0527,1262.5603,1115.5226,371.4098,716.4751
2023-10-26,3049.2988,1252.7919,1099.985,372.826,700.6279
2023-10-27,3062.2754,1272.0521,1119.4008,372.311,703.3809
2023-10-30,3087.498,1269.0111,1142.4727,369.4785,711.0172
2023-10-31,3078.5417,1261.0398,1130.3192,367.7188,706.8997
2023-11-01,3043.7239,1247.9077,1135.0127,367.4613,705.9422
2023-11-02,3070.6372,1262.6526,1146.2767,370.0793,707.0195
2023-11-03,3062.2297,1280.0697,1146.0297,371.8818,710.3708
2023-11-06,3089.0515,1293.2018,1155.5647,373.6844,715.5176
2023-11-07,3080.0959,1294.1232,1148.0554,371.4098,712.0465
2023-11-08,3090.2395,1281.8666,1154.0332,375.0578,714.1052
2023-11-09,3059.0767,1266.9377,1141.5093,372.8689,711.2805
2023-11-10,3046.283,1261.4545,1143.6583,374.7144,714.0812
2023-11-13,3044.5471,1265.7856,1143.5101,374.2423,712.7886
2023-11-15,3111.0298,1299.8367,1164.1857,379.3495,720.2574
2023-11-16,3196.5203,1331.5377,1166.2854,376.517,722.1485
2023-11-17,3200.7244,1324.7645,1163.7412,377.0319,720.5925
2023-11-20,3216.397,1323.8888,1160.6781,374.929,720.6404
2023-11-21,3207.8066,1326.1008,1175.277,374.4569,726.7446
2023-11-22,3226.0378,1343.4258,1179.8716,377.4182,724.1593
2023-11-23,3206.0249,1335.5466,1183.4781,377.9761,728.3485
2023-11-24,3159.2812,1324.6261,1182.6876,375.7873,733.5192
2023-11-28,3171.2068,1329.5104,1182.9347,373.5985,731.8674
2023-11-29,3211.051,1345.0845,1186.0471,375.2724,746.4698
2023-11-30,3187.1536,1340.9836,1174.5608,374.0706,746.3023
2023-12-01,3209.1313,1338.3572,1182.8853,386.0875,744.6746
2023-12-04,3209.8628,1349.4618,1195.681,389.7356,770.528
2023-12-05,3227.3633,1339.8778,1204.3514,387.7614,777.3743
2023-12-06,3293.6174,1358.6313,1215.8875,397.6324,779.3373
2023-12-07,3303.4871,1350.8901,1213.8865,393.2119,780.606
2023-12-08,3314.2703,1374.1593,1213.2441,385.5297,791.4979
2023-12-11,3329.0752,1371.7172,1215.0228,388.3622,790.4446
2023-12-12,3355.7593,1360.2439,1197.583,388.9202,782.5929
2023-12-13,3283.9763,1335.3162,1202.4739,391.109,780.8215
2023-12-14,3351.3274,1383.6511,1217.394,394.9286,790.0377
2023-12-15,3528.386,1454.564,1232.9318,393.2978,793.1018
2023-12-18,3526.7412,1441.6161,1245.4803,387.6755,792.6948
2023-12-19,3487.4453,1436.0409,1263.8094,391.4952,791.3543
2023-12-20,3454.4099,1415.859,1248.5188,387.1176,793.3172
2023-12-21,3461.218,1415.4904,1266.0079,387.5039,807.5366
2023-12-22,3494.5732,1440.2798,1267.2429,390.7227,799.9481
2023-12-26,3468.5747,1422.8165,1273.6655,391.7956,805.5018
2023-12-27,3482.876,1444.1504,1278.0132,392.3536,815.4842
2023-12-28,3472.5488,1440.0494,1287.2518,398.3621,816.4178
2023-12-29,3466.6099,1421.849,1277.0745,396.6453,818.3328
2024-01-01,3482.7849,1429.6362,1279.6929,401.7525,812.9946
2024-01-02,3457.2886,1414.016,1290.29,403.7268,813.4733
2024-01-03,3373.717,1373.0994,1276.2593,409.6494,800.9296
2024-01-04,3350.9158,1394.0183,1282.8547,408.9198,809.5234
2024-01-05,3415.8906,1412.311,1288.3138,406.8169,805.3821
2024-01-08,3361.4258,1403.326,1278.2603,399.5638,796.4052
2024-01-09,3372.0256,1409.3162,1274.876,398.7483,790.2052
2024-01-10,3393.1819,1400.6536,1309.2615,397.6754,792.8145
2024-01-11,3413.7434,1376.9698,1343.696,397.1174,789.4871
2024-01-12,3548.3083,1486.2189,1354.3921,400.5938,785.7527
2024-01-15,3567.499,1522.4814,1377.5131,401.3662,800.8818
2024-01-16,3528.6606,1503.5438,1358.2456,405.4006,803.9219
2024-01-17,3549.9534,1511.515,1345.3511,400.5079,736.1046
2024-01-18,3566.4021,1513.7269,1351.65,399.5638,711.5199
2024-01-19,3628.4714,1529.0244,1351.156,404.7138,704.0989
2024-01-23,3550.437,1513.3123,1312.7443,394.2419,683.3683
2024-01-24,3535.2988,1543.9535,1327.8619,397.9329,697.0372
2024-01-25,3506.3123,1538.1477,1336.9524,391.109,686.983
2024-01-29,3497.7544,1526.6285,1430.7957,386.0875,696.4387
2024-01-30,3497.3408,1521.8823,1390.8524,376.0019,691.4835
2024-01-31,3511.5117,1530.5911,1409.626,379.0061,700.221
2024-02-01,3546.6638,1527.0432,1409.6506,380.1649,702.0402
2024-02-02,3649.8665,1560.4952,1440.3307,377.7615,692.3692
2024-02-05,3656.3079,1554.8278,1421.8783,376.0019,691.7467
2024-02-06,3806.0276,1593.7628,1410.787,370.2939,691.3877
2024-02-07,3757.6243,1560.8638,1424.9661,370.6372,684.6131
2024-02-08,3804.2795,1559.3431,1432.8459,361.261,671.7344
2024-02-09,3803.9114,1538.3782,1443.3445,362.0888,671.9976
2024-02-12,3791.9487,1548.2848,1435.0443,354.5508,665.4865
2024-02-13,3818.4512,1552.3856,1447.6426,354.4637,667.6169
2024-02-14,3772.9919,1535.4755,1463.7236,358.6467,662.6378
2024-02-15,3775.845,1544.8289,1453.0769,351.98,677.0008
2024-02-16,3798.9419,1568.144,1443.1714,352.59,679.8015
2024-02-19,3776.3967,1566.3931,1456.4364,356.6423,678.461
2024-02-20,3709.0823,1553.0308,1453.4968,353.8972,696.2711
2024-02-21,3673.0562,1525.661,1450.2115,351.5008,689.0178
2024-02-22,3761.0295,1549.4366,1464.0941,361.1739,679.634
2024-02-23,3728.8213,1545.2897,1475.8276,358.5159,680.1366
2024-02-26,3681.8442,1529.9,1469.6027,356.5988,680.9505
2024-02-27,3776.949,1533.0792,1467.9478,358.298,679.9212
2024-02-28,3790.3384,1540.129,1438.2804,355.8144,674.7745
2024-02-29,3768.3909,1542.5712,1443.3938,354.0715,671.9019
2024-03-01,3767.7007,1524.8774,1474.3455,356.8601,684.9961
2024-03-04,3755.1394,1508.7505,1489.4385,356.5116,685.9297
2024-03-05,3692.0125,1480.4591,1482.3242,353.9408,689.8317
2024-03-06,3740.0481,1490.6421,1485.0909,355.4222,690.6696
2024-03-07,3780.8137,1489.6285,1461.3027,360.3895,692.3452
2024-03-11,3793.4668,1475.0221,1449.1245,356.773,683.5838
2024-03-12,3857.7898,1486.4032,1457.8445,352.4593,698.7847
2024-03-13,3817.9907,1484.9746,1415.1099,368.1455,699.1916
2024-03-14,3871.9153,1523.5875,1414.4181,365.7054,696.8217
2024-03-15,3882.6355,1505.8015,1401.326,365.2261,695.4811
2024-03-18,3821.2114,1476.9114,1422.3228,363.7882,692.3213
2024-03-19,3659.989,1438.9436,1408.2673,356.9037,693.9012
2024-03-20,3654.0989,1432.9536,1426.547,362.2632,685.1398
2024-03-21,3655.9858,1432.7233,1433.6858,367.0997,692.1777
2024-03-22,3598.8865,1390.4705,1437.6876,373.5049,690.7892
2024-03-26,3568.1509,1375.5414,1424.3978,372.6771,682.4348
2024-03-27,3534.4709,1367.432,1475.0618,372.982,689.7599
2024-03-28,3567.0466,1380.5178,1468.1451,373.2871,693.207
2024-04-01,3604.269,1378.1217,1467.0831,371.8492,704.0272
2024-04-02,3573.9482,1366.5104,1469.2322,371.1084,708.6473
2024-04-03,3632.3823,1364.483,1454.0651,370.542,709.6766
2024-04-04,3683.9146,1370.0583,1445.4935,368.4069,731.3647
2024-04-05,3661.783,1363.0546,1442.7021,372.5899,741.8738
2024-04-08,3655.6179,1360.8428,1468.2688,373.9407,740.4614
2024-04-09,3631.6924,1377.5687,1446.2098,371.5442,741.395
2024-04-10,3666.7522,1388.5814,1461.9449,380.7816,735.554
2024-04-12,3682.1663,1368.2614,1449.6681,374.8121,727.2234
2024-04-15,3626.7693,1352.9637,1447.3707,371.152,715.6133
2024-04-16,3563.8262,1303.4768,1448.2848,371.152,722.5793
2024-04-18,3553.8875,1307.9001,1446.8767,365.0082,715.6133
2024-04-19,3520.9438,1300.5278,1452.6077,370.1498,733.1362
2024-04-22,3556.2805,1320.3409,1462.2167,370.6292,723.9918
2024-04-23,3565.5742,1329.2339,1441.9363,374.0278,721.7894
2024-04-24,3525.4067,1318.498,1432.8953,373.7664,723.7524
2024-04-25,3544.8694,1325.5938,1442.5786,381.3044,723.2975
2024-04-26,3516.481,1318.0371,1435.2422,383.4395,722.8428
2024-04-29,3561.4333,1322.1842,1447.5684,381.8709,732.2744
2024-04-30,3515.8362,1309.0983,1449.5199,379.6487,727.774
2024-05-02,3555.0837,1303.4768,1449.0753,382.568,733.5911
2024-05-03,3536.7715,1305.1818,1416.913,380.3458,727.5346
2024-05-06,3608.2268,1314.0284,1402.6106,378.8644,728.9949
2024-05-07,3661.5078,1327.8975,1384.7756,383.7445,721.0952
2024-05-08,3659.6667,1315.3186,1401.6473,384.3109,709.8442
2024-05-09,3644.2532,1326.6074,1377.5131,370.4548,693.0155
2024-05-10,3583.2424,1313.1068,1390.6547,377.6443,697.82
2024-05-13,3632.843,1311.7705,1385.986,376.3371,706.2401
2024-05-14,3589.9602,1312.9226,1403.1541,374.4635,709.0063
2024-05-15,3570.8191,1308.5452,1399.3992,372.8078,698.1111
2024-05-16,3615.8213,1339.3248,1408.3661,375.9886,708.6666
2024-05-17,3553.8572,1330.9849,1418.5928,380.2151,710.535
2024-05-21,3540.9734,1321.6312,1419.0128,378.9079,707.9629
2024-05-22,3551.9106,1340.6611,1443.2455,383.3524,708.157
2024-05-23,3608.8689,1356.8802,1468.343,384.6159,724.3661
2024-05-24,3568.1316,1350.153,1462.6119,380.128,736.3047
2024-05-27,3565.8608,1355.9126,1448.7788,376.0321,741.4004
2024-05-28,3559.2332,1351.9498,1438.8485,373.8535,742.7593
2024-05-29,3525.6328,1337.113,1423.6074,375.5529,731.9855
2024-05-30,3463.02,1315.4567,1407.8721,369.3655,735.1642
2024-05-31,3402.6321,1322.4598,1413.3561,371.6313,743.2689
2024-06-03,3432.2002,1321.5198,1492.3286,375.03,762.9965
2024-06-04,3443.4626,1310.005,1380.6257,368.4968,719.7801
2024-06-05,3472.614,1344.2673,1403.821,381.8983,753.0963
2024-06-06,3550.4275,1383.8876,1414.5417,386.4247,756.9302
2024-06-07,3609.3323,1441.5554,1452.4347,389.7528,763.5546
2024-06-10,3576.6589,1409.7368,1453.8674,387.756,757.7067
2024-06-11,3570.5415,1405.9772,1439.3179,384.2946,759.4053
2024-06-12,3551.5859,1396.0603,1445.8887,383.6733,763.9429
2024-06-13,3594.6873,1404.285,1447.7908,381.8983,767.1458
2024-06-14,3551.957,1399.5382,1459.9441,382.6527,774.9836
2024-06-18,3536.2463,1408.2799,1463.3777,380.5227,780.2734
2024-06-19,3523.8252,1420.6409,1441.2694,375.9963,804.5628
2024-06-20,3510.4316,1424.4478,1456.1399,375.6857,810.1438
2024-06-21,3532.2139,1440.7092,1436.8723,372.4019,808.3967
2024-06-24,3537.8215,1435.4926,1424.299,375.6857,811.624
2024-06-25,3557.8892,1449.4042,1436.823,375.6857,830.5267
2024-06-26,3574.0171,1448.2292,1495.9845,376.2626,825.7464
2024-06-27,3646.5942,1478.9196,1512.3126,377.727,823.15
2024-06-28,3618.7871,1472.7157,1546.7473,377.1058,817.1565
2024-07-01,3687.4246,1495.3224,1541.5599,380.7889,827.5421
2024-07-02,3723.759,1523.7568,1546.5251,377.6382,839.8688
2024-07-03,3675.4214,1529.7256,1533.927,380.1233,858.3347
2024-07-04,3727.0498,1551.5803,1535.5079,380.7889,838.1945
2024-07-05,3718.5684,1548.5723,1569.6957,384.8715,799.8311
2024-07-08,3701.3284,1561.9199,1581.8245,393.7023,793.6435
2024-07-09,3694.1909,1557.6902,1571.3259,401.6899,794.2015
2024-07-10,3623.4216,1549.3241,1565.348,400.6693,789.1545
2024-07-11,3636.9084,1553.5071,1561.8157,407.0594,787.1161
2024-07-12,3878.1357,1609.0131,1577.6991,407.4144,787.5044
2024-07-15,3864.4641,1604.5952,1578.1931,411.2751,787.2132
2024-07-16,3873.0376,1622.4548,1557.4681,413.1833,786.0728
2024-07-18,4000.1167,1652.5343,1567.7689,417.3546,783.6705
2024-07-19,3997.1904,1685.3395,1536.6196,421.1709,780.0307
2024-07-22,3983.2075,1702.165,1482.7936,414.0708,797.1377
2024-07-23,3997.144,1726.6517,1470.1709,436.8356,785.4176
2024-07-24,4000.7666,1723.8788,1477.8779,438.4775,778.4535
2024-07-25,4015.8643,1715.325,1474.6172,434.8387,784.5441
2024-07-26,4076.5789,1766.131,1491.0442,445.7108,785.2963
2024-07-29,4070.3074,1758.7992,1501.9872,440.2526,778.9388
2024-07-30,4055.6743,1764.486,1495.12,434.7943,784.0345
2024-07-31,4074.2561,1756.12,1487.4869,439.6313,784.1315
2024-08-01,4085.1731,1741.4094,1497.2444,438.1668,795.3178
2024-08-02,3979.2126,1711.894,1481.4597,434.0843,805.1937
2024-08-05,3860.2932,1646.7533,1430.0793,431.333,784.1315
2024-08-06,3875.2976,1646.0013,1438.7004,431.5993,777.0703
2024-08-07,3902.4727,1684.1176,1447.3707,437.235,787.8926
2024-08-08,3876.5515,1638.5284,1431.8578,439.0988,797.2104
2024-08-09,3928.7651,1664.4719,1456.733,440.1194,800.8502
2024-08-12,3898.0134,1689.5226,1443.2208,438.9656,805.6548
2024-08-13,3899.2212,1689.5693,1446.1851,434.883,778.041
2024-08-14,3990.5479,1713.821,1444.4312,436.8356,780.2734
2024-08-16,4102.7773,1747.3782,1460.5863,446.1102,792.0663
2024-08-19,4171.4824,1752.8773,1475.6562,445.0451,791.7994
2024-08-20,4202.4199,1759.833,1483.1416,442.6932,794.7839
2024-08-21,4228.6191,1760.3029,1485.8434,448.5508,789.0089
2024-08-22,4182.6313,1767.3999,1485.298,447.7964,791.6781
2024-08-23,4147.2339,1750.3392,1487.1322,448.9059,788.6449
2024-08-26,4183.0488,1763.546,1499.649,448.8171,795.8759
2024-08-27,4178.125,1786.0586,1487.6031,444.2907,794.8082
2024-08-28,4186.3936,1822.7178,1485.4716,441.3619,794.4927
2024-08-29,4191.7354,1817.3129,1507.9028,448.2846,795.1965
2024-08-30,4230.71,1827.0417,1496.6996,445.4445,794.3957
2024-09-02,4200.3291,1846.5933,1503.2678,452.6777,789.5669
2024-09-03,4192.2471,1824.7388,1496.2039,452.1009,794.6141
2024-09-04,4161.4941,1807.067,1501.5824,449.394,796.7737
2024-09-05,4158.4292,1817.1249,1480.1921,453.6984,798.545
2024-09-06,4140.5903,1787.7035,1452.2831,445.267,794.4199
2024-09-09,4133.9019,1780.9357,1449.9283,454.1866,799.0546
2024-09-10,4188.0659,1797.5264,1449.0114,455.8285,800.923
2024-09-11,4161.5879,1795.5052,1439.0721,456.494,797.7928
2024-09-12,4197.2173,1833.3866,1467.1299,461.0648,808.8093
2024-09-13,4201.7695,1827.4177,1460.0164,456.0504,808.4938
2024-09-16,4193.0835,1833.1986,1458.7522,453.6096,810.9203
2024-09-17,4186.021,1835.3606,1459.6942,450.6365,809.877
2024-09-18,4037.8369,1778.5857,1450.9199,450.2815,822.4949
2024-09-19,3991.3835,1780.5126,1457.0917,451.0802,829.1436
2024-09-20,3980.9319,1791.3694,1473.2025,456.5385,845.013
2024-09-23,3965.6948,1782.6276,1480.5887,458.8016,854.0397
2024-09-24,3968.2961,1784.6484,1476.6229,457.2929,858.0435
2024-09-25,3971.5017,1781.5468,1481.1587,459.3341,863.4061
2024-09-26,3987.9934,1786.1995,1485.1245,463.9492,865.5172
2024-09-27,4003.0437,1792.3094,1513.1079,463.9048,850.5698
2024-09-30,3965.6948,1763.0291,1463.9325,459.8666,840.5725
2024-10-01,3983.7185,1790.0533,1452.2831,458.136,837.7335
2024-10-03,3932.4814,1779.7607,1394.9285,455.0741,816.283
2024-10-04,3950.5977,1803.0251,1374.6536,446.9089,804.4658
2024-10-07,3969.7366,1818.2059,1358.9889,452.8109,785.1265
2024-10-08,3951.5269,1831.6006,1385.3859,450.814,801.2628
2024-10-09,3951.2485,1835.5485,1362.8307,436.3918,792.5759
2024-10-10,3927.5105,1803.8242,1359.311,436.7025,806.7709
2024-10-11,3854.8584,1818.9579,1360.3521,433.2855,801.2385
2024-10-14,3843.1985,1841.3295,1360.7734,441.0513,819.2433
2024-10-15,3824.7563,1841.7054,1332.5175,442.4713,817.3021
2024-10-16,3804.457,1804.8582,1342.4813,437.7231,824.9214
2024-10-17,3817.5105,1849.9772,1344.8113,433.9068,811.988
2024-10-18,3839.9082,1766.7889,1347.6616,431.9543,816.2101
2024-10-21,3799.6753,1741.5504,1357.4768,429.2473,838.9467
2024-10-22,3739.7441,1740.4694,1331.8483,427.6054,832.0797
2024-10-23,3787.009,1760.9611,1327.0646,426.3185,842.3924
2024-10-24,3769.9194,1751.514,1328.3287,418.6415,849.1138
2024-10-25,3778.9065,1750.2922,1316.4808,428.0492,846.0807
2024-10-28,3809.9197,1753.3942,1322.9252,429.6911,841.6158
2024-10-29,3795.3909,1748.5934,1328.5269,433.0637,850.1815
2024-10-30,3804.1455,1713.2277,1332.3936,436.2587,841.81
2024-10-31,3695.9253,1670.5897,1320.645,433.8181,842.3438
2024-11-01,3710.5933,1674.012,1327.1885,435.1493,843.1204
2024-11-04,3691.9202,1676.6741,1291.001,430.0905,831.8612
2024-11-05,3698.6262,1667.6899,1294.124,426.1854,853.0933
2024-11-06,3855.3679,1733.7625,1314.0022,426.9841,851.8316
2024-11-07,3865.8455,1714.131,1294.4709,424.1441,847.6094
2024-11-08,3862.2136,1739.7043,1272.7585,424.2772,851.4433
2024-11-11,3910.3635,1768.3674,1261.803,423.301,857.1942
2024-11-12,3909.1523,1776.6384,1263.3398,419.6622,833.851
2024-11-13,3865.3335,1776.2581,1241.33,419.0853,815.9675
2024-11-14,3861.1892,1772.598,1256.7468,413.5383,821.5
2024-11-18,3743.4697,1722.1167,1249.9554,414.0708,827.4935
2024-11-19,3762.1426,1734.7607,1231.0189,414.7808,845.5226
2024-11-21,3793.1558,1743.6022,1212.5286,405.7281,845.013
2024-11-22,3953.1116,1808.4388,1254.5657,421.2597,847.1484
2024-11-25,4018.77,1796.5076,1275.9806,423.1678,866.5605
2024-11-26,4053.7876,1829.2588,1284.6061,423.3453,866.5363
2024-11-27,4035.021,1829.5916,1282.1276,423.301,879.5182
2024-11-28,3953.3904,1765.0876,1259.9194,421.4816,870.2246
2024-11-29,3977.5583,1766.2284,1281.1361,423.1235,871.6321
2024-12-02,3982.96,1787.0959,1297.941,423.5229,875.8299
2024-12-03,4007.2678,1798.7893,1311.97,419.3959,886.3126
2024-12-04,4055.3708,1796.08,1297.7427,414.5589,902.7158
2024-12-05,4157.4912,1839.431,1310.7306,414.9139,905.4577
2024-12-06,4140.2148,1827.595,1300.3206,418.1534,900.6532
2024-12-09,4146.4082,1828.7834,1284.0609,412.6507,907.5203
2024-12-10,4128.1543,1852.4556,1273.849,413.0945,906.5981
2024-12-11,4123.4043,1876.793,1267.256,412.917,904.1717
2024-12-12,4149.0161,1889.0092,1252.087,408.7901,902.3032
2024-12-13,4166.6641,1901.083,1261.9518,417.1327,908.3696
2024-12-16,4111.9961,1882.402,1257.4408,417.2215,905.1908
2024-12-17,4031.2498,1879.1222,1234.6378,416.7333,889.6854
2024-12-18,4049.271,1881.5465,1242.5197,417.5765,878.7417
2024-12-19,3978.5361,1850.2213,1219.9148,414.0708,870.3945
2024-12-20,3883.9128,1827.3575,1194.9803,412.3845,859.7178
2024-12-23,3872.7373,1829.4015,1211.8347,420.9047,874.0343
2024-12-24,3892.4814,1814.9036,1212.2809,424.6322,872.6268
2024-12-26,3882.7961,1813.3348,1206.1339,423.301,869.0599
2024-12-27,3878.8379,1822.2238,1210.5955,424.7654,872.6996
2024-12-30,3873.2031,1812.0038,1200.3339,423.3453,862.8237
2024-12-31,3813.5984,1787.2861,1205.0432,429.2473,860.3729
2025-01-01,3830.0366,1789.6628,1210.7936,429.5136,865.1774
2025-01-02,3888.9893,1861.2969,1231.1677,434.0399,870.5158
2025-01-03,3818.3479,1843.1389,1240.4376,427.4279,848.8954
2025-01-06,3813.7849,1842.2832,1207.5715,407.9893,830.1141
2025-01-07,3751.6653,1835.6283,1230.2257,406.5607,831.5215
2025-01-08,3826.2644,1837.8149,1254.6648,414.349,822.2522
2025-01-09,3761.4907,1822.7466,1244.0068,414.856,809.3917
2025-01-10,3972.7156,1869.9479,1231.2668,410.0631,804.029
2025-01-13,3996.418,1865.4324,1229.2344,404.6712,791.4597
2025-01-14,3942.354,1844.3748,1228.1438,402.4131,799.1031
2025-01-15,3957.7678,1853.5012,1241.4785,403.1043,797.3803
2025-01-16,3917.4412,1833.3467,1255.6066,398.9567,801.7481
2025-01-17,3911.7505,1725.9193,1291.1992,405.7312,794.3229
2025-01-20,3867.647,1723.8755,1294.2727,403.4269,801.3598
2025-01-21,3827.8591,1711.8967,1262.7946,403.2887,797.0649
2025-01-22,3942.386,1764.8975,1266.1655,402.7817,808.5424
2025-01-23,3931.811,1773.4536,1252.8307,405.7312,807.9843
2025-01-24,3938.355,1782.9604,1235.6293,407.0215,800.6561
2025-01-27,3855.6487,1732.1464,1218.8242,405.639,790.9501
2025-01-28,3832.0796,1739.5143,1223.8311,401.3531,810.6534
2025-01-29,3888.5129,1788.4745,1224.9216,399.4175,814.002
2025-01-30,3888.7502,1768.2249,1242.3214,402.0444,820.8934
2025-01-31,3900.4636,1787.0959,1254.2682,412.4596,824.4118
2025-02-01,3863.2366,1760.0491,1253.7725,426.3311,820.6264
2025-02-03,3858.9688,1771.4097,1235.2327,418.7732,814.3417
2025-02-04,3895.3892,1805.1589,1274.196,419.5106,835.1613
2025-02-05,3880.2617,1803.4952,1267.256,413.0587,843.363
2025-02-06,3872.3418,1821.1781,1270.5774,406.5607,846.2991
2025-02-07,3821.7412,1809.7698,1255.8545,397.1133,840.9122
2025-02-10,3828.9021,1787.5713,1242.9163,393.7491,832.662
2025-02-11,3759.2849,1783.1506,1224.2772,385.546,825.6979
2025-02-12,3746.5752,1771.2671,1206.1339,383.7672,828.3185
2025-02-13,3708.637,1752.3484,1205.6876,383.5799,823.9022
2025-02-14,3732.064,1764.8499,1206.8279,384.0948,822.5191
2025-02-17,3703.2778,1751.4453,1214.4125,382.55,833.4385
2025-02-18,3673.5916,1760.6194,1214.9082,379.4136,836.2047
2025-02-19,3589.0833,1721.4988,1216.9404,380.4903,838.2187
2025-02-20,3584.6252,1735.1411,1222.443,376.4176,818.758
2025-02-21,3590.8855,1725.4916,1217.6345,375.3409,821.3786
2025-02-24,3486.1753,1677.1017,1204.1511,376.2772,813.905
2025-02-25,3442.498,1680.5242,1193.6914,379.0391,816.4528
2025-02-27,3426.374,1677.2919,1196.7648,375.9963,825.3581
2025-02-28,3303.7375,1604.4695,1189.8247,369.8171,840.7423
2025-03-03,3313.0325,1624.3389,1161.2217,372.1109,825.7707
2025-03-04,3350.0227,1605.0399,1151.9518,369.6766,829.8715
2025-03-05,3364.2495,1627.0958,1165.5344,379.2263,820.1654
2025-03-06,3415.9885,1631.2312,1199.2433,379.8349,820.7477
2025-03-07,3425.0935,1602.8533,1239.0992,378.1497,819.8015
2025-03-10,3404.6541,1617.5414,1227.7969,379.1795,818.9521
2025-03-11,3391.0439,1579.6566,1236.6206,380.3031,817.9815
2025-03-12,3325.5046,1512.3958,1246.2872,386.1078,830.4296
2025-03-13,3330.1047,1501.9382,1237.2155,385.7801,828.2214
2025-03-17,3317.4426,1511.6353,1228.2429,381.9415,830.0657
2025-03-18,3317.4426,1511.6353,1228.2429,383.0182,830.0657
2025-03-19,3316.874,1508.308,1236.4719,377.3539,846.4204
2025-03-20,3379.5198,1535.8778,1258.2834,378.1965,858.3832
2025-03-21,3393.6995,1514.0118,1265.4219,379.6945,859.1597
2025-03-24,3441.9287,1514.2021,1290.9514,384.7034,873.549
2025-03-25,3469.2446,1548.1415,1274.444,383.6735,883.9587
2025-03-26,3448.4258,1520.5715,1262.1501,381.3797,876.7277
2025-03-27,3463.032,1524.4695,1267.256,383.3458,885.8514
2025-03-28,3420.304,1493.1919,1264.1825,383.6267,887.2345
2025-04-01,3367.8064,1451.2192,1241.8751,380.7244,857.9464
2025-04-02,3361.3096,1473.7031,1240.4376,382.9713,872.0445
2025-04-03,3227.7654,1422.6987,1238.0085,383.299,871.0497
2025-04-04,3129.3625,1380.0605,1194.3853,383.5799,881.9448
2025-04-07,3105.3188,1327.868,1155.7192,380.1626,853.0205
2025-04-08,3123.2449,1358.3375,1172.078,386.2482,858.5773
2025-04-09,3079.2839,1334.4752,1175.201,389.7591,856.5633
2025-04-11,3064.9617,1339.9417,1208.5133,394.6744,876.8248
2025-04-15,3080.8013,1355.6755,1229.4823,393.5977,905.0452
2025-04-16,3105.082,1343.4116,1228.6892,397.3896,911.4027
2025-04-17,3128.8882,1349.4961,1263.5878,400.011,925.3309
2025-04-21,3150.4185,1379.4426,1284.408,395.8915,935.2311
2025-04-22,3143.5894,1352.6334,1280.1447,405.9562,952.0228
2025-04-23,3237.1084,1402.1639,1288.8694,403.3815,933.6782
2025-04-24,3226.2959,1398.8367,1290.4557,402.6325,930.2325
2025-04-25,3270.3042,1407.2026,1289.266,400.5259,927.5148
2025-04-28,3266.0364,1409.0088,1357.0803,401.4622,931.8826
2025-04-29,3293.5415,1423.6494,1387.7157,398.8407,926.3501
2025-04-30,3275.7104,1426.1212,1392.9703,398.6535,934.212
2025-05-02,3254.1804,1432.5859,1407.6437,402.1176,932.7076
2025-05-05,3276.2795,1434.202,1419.0453,409.0926,939.9387
2025-05-06,3281.686,1436.959,1408.7343,407.7819,937.4636
2025-05-07,3267.5537,1433.9167,1393.9618,403.6624,944.2094
2025-05-08,3271.1575,1436.864,1394.9532,403.1474,935.9106
2025-05-09,3263.0012,1433.2513,1365.4084,396.5469,917.0807
2025-05-12,3433.8191,1546.6678,1424.2007,407.735,949.8389
2025-05-13,3333.8516,1491.243,1403.5787,400.6196,933.0473
2025-05-14,3365.8145,1513.8693,1412.2042,401.7431,927.2237
2025-05-15,3395.4067,1533.4535,1441.7491,405.0667,938.4827
2025-05-16,3377.7651,1511.4927,1443.9303,407.9223,938.9195
2025-05-19,3337.4558,1482.8771,1428.4639,407.5946,940.8607
2025-05-20,3318.0125,1483.6375,1412.4026,407.1733,929.3105
2025-05-21,3344.0947,1491.1481,1416.9631,405.3944,935.0856
2025-05-22,3297.8098,1471.1836,1397.3328,398.9343,931.737
2025-05-23,3333.4719,1487.6305,1414.5839,408.484,938.3857
2025-05-26,3355.0024,1502.5562,1422.5153,414.6632,941.5887
2025-05-27,3318.3916,1492.6691,1409.924,406.237,934.843
2025-05-28,3317.4426,1494.2853,1400.8027,400.6591,933.4841
2025-05-29,3317.8225,1507.4047,1405.6609,399.2765,935.4253
2025-05-30,3284.9104,1506.537,1408.7343,398.6091,943.8696
2025-06-02,3272.0117,1497.9569,1401.5958,399.8009,937.6577
2025-06-03,3229.7102,1487.545,1393.4662,397.5603,934.0179
2025-06-04,3235.1643,1495.4503,1411.312,397.6079,942.074
2025-06-05,3225.7869,1498.439,1430.0502,399.6103,946.1505
2025-06-06,3238.322,1507.5975,1431.1407,401.4696,960.2729
2025-06-09,3274.3967,1516.3705,1436.3954,403.3766,960.37
2025-06-10,3313.6296,1538.6403,1426.1835,407.1429,953.7699
2025-06-11,3322.2415,1572.4786,1436.4945,406.3324,946.5388
2025-06-12,3286.1665,1550.7875,1429.2571,401.4219,943.1417
2025-06-13,3297.1709,1544.4247,1415.6743,394.6521,930.6208
2025-06-16,3345.5898,1565.4412,1425.4896,398.7521,939.2592
2025-06-17,3363.7708,1580.9626,1418.946,397.9893,936.4445
2025-06-18,3302.6252,1574.2141,1417.8555,396.5591,938.5313
2025-06-19,3276.4062,1560.2352,1421.0282,396.6544,939.2107
2025-06-20,3287.6021,1564.5735,1453.6464,399.0858,953.4787
2025-06-23,3247.3169,1527.0715,1444.3269,394.6521,945.5682
2025-06-24,3244.2544,1524.7577,1438.3783,395.0811,951.6345
2025-06-25,3296.3101,1556.861,1454.7371,396.9882,961.0009
2025-06-26,3293.4395,1557.9215,1482.4973,400.7544,981.1896
2025-06-27,3292.7695,1550.209,1502.4252,399.1812,988.5983
2025-06-30,3312.7683,1544.2318,1487.7518,397.0835,982.0237
2025-07-01,3281.8606,1549.0521,1515.3138,395.7963,987.2245
2025-07-02,3275.7363,1552.6191,1505.796,393.7463,974.4187
2025-07-03,3254.2065,1560.5244,1504.8047,394.1277,974.9584
2025-07-04,3272.3875,1581.7338,1514.2234,393.3648,976.0378
2025-07-07,3264.6367,1568.5261,1528.3016,396.7974,975.1056
2025-07-08,3259.3738,1579.8057,1524.4349,397.7986,981.9746
2025-07-09,3237.9392,1574.9852,1505.9943,399.944,986.7829
2025-07-10,3236.2168,1557.7286,1504.2096,397.4649,984.3297
2025-07-11,3125.217,1537.5798,1482.3981,397.4172,973.2902
2025-07-14,3083.7837,1513.8639,1470.9965,399.8963,972.9468
2025-07-15,3112.1079,1528.614,1472.682,402.4707,979.0798
2025-07-16,3104.2344,1550.1125,1472.8802,404.8545,979.4724
2025-07-17,3081.2871,1526.5895,1463.7592,404.2347,974.8603
2025-07-18,3062.7561,1529.0961,1463.3625,403.0905,960.3863
2025-07-21,3032.3198,1527.3608,1416.3683,400.5638,981.533
2025-07-22,3033.6641,1514.4424,1400.7036,396.6544,984.7712
2025-07-23,3052.3867,1517.913,1412.4026,395.6533,993.2104
2025-07-24,3022.5266,1496.7036,1390.8884,390.8858,988.2548
2025-07-25,3010.8127,1461.2262,1379.7842,390.3613,985.9922
2025-07-28,2956.5647,1461.5154,1375.7192,390.8381,987.9105
2025-07-29,2934.1934,1459.298,1404.9667,389.4555,994.3539
2025-07-30,2931.8889,1464.4077,1398.0266,388.6451,996.4198
2025-07-31,2915.7588,1454.7671,1378.297,392.7928,992.6816
2025-08-01,2883.3057,1416.783,1381.7671,397.0835,989.7304
2025-08-04,2951.8596,1427.2913,1399.4147,397.4649,979.7947
2025-08-05,2941.7783,1407.8174,1379.7842,394.8904,972.7119
2025-08-06,2911.4382,1385.0654,1380.8748,392.8404,976.4993
2025-08-07,2925.552,1385.2583,1377.504,394.366,981.4671
2025-08-08,2915.3745,1371.9542,1356.0889,395.2242,970.892
2025-08-11,2919.5991,1376.871,1374.3313,397.4649,981.5654
2025-08-12,2914.4143,1372.9182,1368.5811,396.9882,968.9246
2025-08-13,2915.1826,1375.3284,1370.7621,394.8428,974.0399
2025-08-14,2901.8364,1395.67,1367.4774,392.316,979.3521
2025-08-18,2891.179,1384.1979,1375.3409,387.4055,985.5004
2025-08-19,2895.9797,1388.2468,1413.5642,390.0753,979.3521
2025-08-20,2975.0952,1442.427,1406.4969,387.1671,977.9257
2025-08-21,2978.9363,1442.6199,1418.2427,386.6904,979.4012
2025-08-22,2932.2729,1434.0397,1402.7144,379.7775,966.3176
2025-08-25,3015.4214,1477.0367,1406.0988,380.7787,966.0717
2025-08-26,3031.3599,1474.6266,1378.5262,384.5927,957.5625
2025-08-28,2970.3906,1446.1869,1379.5217,382.2566,942.2162
2025-08-29,2961.7493,1416.783,1350.9537,390.6951,936.1171
2025-09-01,2988.5374,1445.512,1347.6689,386.9764,935.1334
2025-09-02,2987.4812,1444.8372,1360.2109,387.8346,929.1327
2025-09-03,2974.0391,1425.9417,1366.2828,392.6021,938.9208
2025-09-04,2972.3108,1410.4202,1353.0441,396.5591,945.6101
2025-09-05,2926.8003,1392.6815,1368.6719,388.4067,947.7252
2025-09-08,2898.668,1381.402,1372.1558,388.5974,950.2828
2025-09-09,2927.8564,1450.236,1369.8662,390.9811,949.4467
2025-09-10,2986.041,1477.5188,1370.6626,393.8416,950.1845
2025-09-11,2999.675,1455.4418,1376.9337,395.7486,952.0535
2025-09-12,3008.5083,1470.7704,1388.5798,394.5091,951.5617
2025-09-15,2987.8652,1454.1886,1392.86,393.4602,951.3157
2025-09-16,3020.3179,1456.9845,1398.8324,393.8893,951.119
2025-09-17,3046.3381,1467.6855,1407.2933,390.266,950.7747
2025-09-18,3050.0825,1485.2313,1408.4877,392.4113,961.0056
2025-09-19,3042.8813,1484.8457,1400.9227,391.5532,951.1682
2025-09-22,2951.2839,1445.6084,1384.2,388.0253,948.5121
2025-09-23,2940.3381,1443.6803,1383.4038,384.4497,941.626
2025-09-24,2914.4143,1440.8845,1376.635,382.352,935.5761
2025-09-25,2839.5232,1431.4369,1366.0839,381.4938,934.3956
2025-09-26,2783.5471,1396.827,1371.2599,386.2613,929.6737
2025-09-29,2780.6667,1389.9822,1366.4819,388.3113,934.8383
2025-09-30,2773.2732,1389.9822,1357.7224,382.8764,935.5269
2025-10-01,2798.0452,1393.8385,1362.4008,386.7381,949.545
2025-10-03,2786.2351,1394.6096,1357.1252,385.4985,949.4467
2025-10-06,2869.2876,1422.953,1368.6719,382.1136,957.6116
2025-10-07,2855.1733,1406.0819,1378.4268,381.2078,966.5144
2025-10-08,2906.5415,1441.2701,1361.1068,381.1601,962.7762
2025-10-09,2939.666,1455.0563,1371.459,381.3031,961.2022
2025-10-10,2907.5972,1460.455,1375.3409,384.0682,964.9404
2025-10-13,2887.3381,1439.5348,1368.6719,380.6833,961.1039
2025-10-14,2842.3076,1436.3535,1369.5677,378.3473,961.2515
2025-10-15,2862.0642,1421.4105,1367.9751,381.3031,962.3336
2025-10-16,2862.9314,1418.6147,1391.8646,386.309,978.1716
2025-10-17,2854.7397,1389.3073,1410.2795,392.9835,986.2382
2025-10-20,2905.8169,1408.3958,1460.0493,393.8416,986.6317
2025-10-21,2897.6252,1419.4824,1458.4567,393.6509,991.3044
2025-10-23,2961.7131,1473.5662,1441.734,396.6068,992.3865
2025-10-24,2952.0757,1470.5776,1444.9193,397.4172,978.5651
2025-10-27,2972.9883,1472.6331,1477.2697,401.0882,986.6317
2025-10-28,2946.968,1468.4242,1480.0569,398.4661,987.2219
2025-10-29,2946.6792,1478.4082,1497.2771,401.994,991.4519
2025-10-30,2925.1877,1462.1598,1481.6494,399.2765,981.9098
2025-10-31,2947.0642,1450.9034,1479.5592,400.8021,971.2363
2025-11-03,2907.3589,1454.0355,1477.8669,394.6998,976.4993
2025-11-04,2881.7239,1436.8083,1466.3203,389.8846,969.2197
2025-11-06,2901.6729,1435.6337,1489.2145,388.5497,968.6295
2025-11-07,2883.2659,1445.5199,1471.1978,385.2601,966.3176
2025-11-10,2915.4541,1481.4425,1482.4458,386.6904,968.4819
2025-11-11,2936.4634,1497.8867,1486.527,387.9299,975.5647
2025-11-12,3018.187,1518.8334,1504.5436,388.0729,973.4005
2025-11-13,2993.0339,1509.1431,1503.9464,386.8334,970.5969
2025-11-14,2993.323,1470.9691,1511.9095,389.1695,973.4988
2025-11-17,2989.6609,1475.6675,1511.3124,388.1683,980.3358
2025-11-18,2975.1089,1454.9165,1512.4072,386.9764,976.3025
2025-11-19,3033.51,1508.4579,1511.9095,384.7834,978.4175
2025-11-20,3030.7156,1503.9553,1541.9706,386.595,992.4357
2025-11-21,3036.3052,1512.2753,1539.4821,388.8834,981.8114
2025-11-24,3027.2461,1515.2118,1528.8313,384.7834,982.8935
2025-11-25,3006.0442,1498.1803,1532.6138,382.1613,973.6956
2025-11-26,3048.1589,1524.9021,1562.6748,383.5915,987.5662
2025-11-27,3022.813,1533.222,1556.2047,385.4985,993.0751
2025-11-28,3023.6802,1527.0554,1560.2859,385.4508,991.206
2025-12-01,3019.729,1530.8728,1558.8923,385.4508,985.7955
2025-12-02,3021.9456,1527.9364,1539.1835,382.3043,973.6956
2025-12-03,3064.6384,1545.2615,1531.718,381.8752,984.2215
2025-12-04,3112.0535,1563.7611,1528.5327,384.3066,980.9752
2025-12-05,3120.7271,1581.9672,1533.5096,386.1183,986.976
2025-12-08,3119.0886,1576.6816,1535.8987,383.5915,986.7792
2025-12-09,3091.9121,1565.1315,1522.3612,382.3996,980.8768
2025-12-10,3073.5049,1551.2323,1529.8268,384.402,973.6956
2025-12-11,3076.1069,1564.1527,1537.8894,384.1636,984.0248
2025-12-12,3103.6692,1564.3484,1549.3365,381.4938,985.2053
2025-12-15,3113.0173,1572.7664,1549.0378,383.5915,979.8931
2025-12-16,3088.8281,1559.1608,1535.2019,383.0194,978.1224
2025-12-17,3101.0671,1568.068,1537.2922,381.2078,967.99
2025-12-18,3161.7817,1592.3428,1537.2922,381.7799,963.7599
2025-12-19,3162.9382,1603.9906,1557.8969,382.3996,969.4656
2025-12-22,3204.282,1653.8125,1568.1495,383.9729,971.6298
2025-12-23,3189.9224,1632.9637,1563.4711,388.4067,980.3849
2025-12-24,3198.5959,1628.1675,1551.0287,387.6916,980.9752
2025-12-26,3161.0107,1621.0221,1552.024,385.3555,975.9582
2025-12-29,3133.5447,1609.8635,1538.4867,383.8776,975.5647
2025-12-30,3129.0151,1587.2528,1532.7134,381.9706,974.7778
2025-12-31,3089.8879,1581.1842,1563.1726,384.259,975.0729
