recorded_income,credit_score,existing_loans,age,loan_amount,gender,default
40.8,477.0,1,42.0,391.0,0,0
37.1,618.0,0,21.0,375.0,1,1
39.5,613.0,1,23.0,358.0,1,0
11.9,748.0,0,42.0,171.0,0,0
43.1,442.0,0,46.0,421.0,1,1
48.0,530.0,3,23.0,303.0,1,1
43.6,688.0,1,51.0,138.0,1,0
61.0,500.0,0,29.0,403.0,1,0
40.8,815.0,0,28.0,199.0,1,0
44.5,494.0,0,31.0,180.0,1,0
64.7,603.0,1,28.0,304.0,1,0
11.7,650.0,0,39.0,376.0,0,1
23.2,679.0,0,56.0,307.0,0,0
61.4,664.0,1,35.0,201.0,1,0
37.8,558.0,1,22.0,418.0,0,0
35.1,682.0,0,46.0,222.0,0,0
36.7,532.0,1,37.0,299.0,0,1
31.4,552.0,1,45.0,294.0,0,0
45.1,641.0,3,30.0,180.0,0,0
45.7,736.0,1,42.0,512.0,1,0
30.5,579.0,1,31.0,378.0,0,0
42.4,520.0,0,33.0,514.0,1,1
42.9,709.0,0,31.0,154.0,1,0
15.9,486.0,2,40.0,324.0,0,1
36.1,765.0,1,21.0,447.0,0,0
38.0,511.0,4,23.0,217.0,1,0
67.3,658.0,1,33.0,230.0,1,0
38.9,683.0,0,33.0,131.0,1,0
46.3,671.0,0,40.0,127.0,1,0
30.6,620.0,2,21.0,281.0,0,0
30.6,604.0,2,53.0,331.0,1,0
38.4,451.0,0,46.0,367.0,0,1
68.6,530.0,1,34.0,255.0,1,0
27.8,665.0,1,50.0,146.0,0,0
35.5,660.0,1,52.0,319.0,1,1
34.7,507.0,0,21.0,387.0,1,0
8.1,631.0,0,41.0,408.0,0,0
37.3,623.0,0,51.0,244.0,1,1
43.8,758.0,1,37.0,390.0,1,0
39.1,562.0,5,37.0,306.0,0,1
38.1,553.0,1,32.0,125.0,0,1
33.8,517.0,1,43.0,334.0,1,0
25.1,510.0,2,39.0,373.0,0,1
56.9,634.0,0,36.0,577.0,1,0
37.4,537.0,4,52.0,247.0,1,1
32.3,697.0,1,33.0,490.0,1,0
60.9,544.0,0,29.0,289.0,1,1
55.6,738.0,1,57.0,329.0,1,0
28.2,638.0,0,37.0,500.0,0,0
31.1,623.0,1,34.0,265.0,1,0
6.9,496.0,0,43.0,225.0,0,0
48.8,630.0,0,40.0,166.0,1,0
26.6,604.0,1,25.0,286.0,1,0
10.6,657.0,0,50.0,181.0,1,1
63.8,554.0,0,40.0,312.0,1,0
34.8,469.0,1,38.0,263.0,0,0
22.9,625.0,1,41.0,500.0,1,0
15.2,613.0,2,29.0,517.0,0,1
37.1,622.0,0,35.0,505.0,0,1
26.8,691.0,0,42.0,265.0,1,1
59.4,515.0,1,44.0,474.0,1,1
34.5,386.0,0,32.0,191.0,0,1
48.0,643.0,0,39.0,117.0,1,0
32.2,637.0,1,37.0,151.0,0,0
42.9,557.0,1,47.0,414.0,1,0
37.2,615.0,2,41.0,500.0,0,1
23.2,506.0,0,41.0,410.0,0,0
28.9,410.0,4,45.0,364.0,0,1
35.9,448.0,2,42.0,303.0,0,1
33.9,604.0,1,25.0,251.0,0,1
22.1,724.0,0,59.0,241.0,1,1
32.5,565.0,1,35.0,237.0,1,0
30.7,673.0,0,37.0,388.0,0,0
23.7,547.0,1,38.0,224.0,0,1
46.6,595.0,0,24.0,284.0,0,1
34.1,672.0,2,32.0,514.0,1,0
37.6,612.0,0,42.0,251.0,1,0
36.1,551.0,1,37.0,314.0,0,1
45.0,522.0,0,36.0,350.0,1,0
26.5,592.0,1,42.0,367.0,0,1
20.1,706.0,1,29.0,285.0,0,0
44.5,459.0,1,32.0,267.0,1,0
38.9,677.0,1,55.0,400.0,0,0
47.2,626.0,0,31.0,253.0,1,0
28.3,513.0,0,35.0,396.0,1,0
66.1,598.0,2,28.0,352.0,1,0
18.3,582.0,1,51.0,339.0,1,1
16.3,515.0,0,41.0,169.0,1,1
54.4,551.0,0,45.0,167.0,1,0
30.4,487.0,1,35.0,180.0,0,0
31.8,414.0,2,37.0,300.0,1,1
23.5,614.0,1,37.0,379.0,1,1
52.4,694.0,1,30.0,441.0,0,0
29.2,747.0,2,21.0,281.0,0,0
48.0,500.0,4,51.0,329.0,1,1
31.3,793.0,0,47.0,250.0,0,0
32.6,737.0,1,51.0,218.0,0,0
48.1,728.0,1,24.0,114.0,1,0
51.0,529.0,1,38.0,247.0,1,0
24.1,549.0,3,41.0,403.0,0,1
35.6,426.0,2,44.0,368.0,1,1
9.7,617.0,1,51.0,361.0,0,0
19.8,565.0,1,38.0,381.0,0,1
44.1,615.0,0,55.0,334.0,1,0
39.0,525.0,0,21.0,421.0,0,0
34.3,661.0,1,43.0,369.0,0,0
24.4,631.0,1,28.0,357.0,0,0
21.1,497.0,2,44.0,214.0,1,1
5.0,596.0,3,54.0,209.0,1,1
40.1,626.0,1,32.0,147.0,0,0
31.2,781.0,4,52.0,416.0,1,1
23.3,609.0,2,39.0,386.0,0,1
29.4,515.0,1,57.0,376.0,0,1
13.2,572.0,1,45.0,258.0,0,1
24.3,597.0,0,34.0,267.0,0,0
49.2,588.0,1,39.0,411.0,0,0
47.6,434.0,1,31.0,317.0,1,1
31.8,570.0,1,45.0,403.0,0,1
16.3,538.0,0,31.0,370.0,1,1
51.6,577.0,1,34.0,339.0,0,0
18.7,791.0,0,21.0,167.0,1,0
68.8,525.0,3,29.0,316.0,1,0
8.3,729.0,1,30.0,316.0,1,0
61.1,704.0,2,50.0,480.0,1,1
64.3,662.0,3,46.0,308.0,1,0
19.3,600.0,1,42.0,418.0,0,1
46.3,659.0,0,40.0,268.0,1,0
48.2,560.0,1,47.0,57.0,1,0
27.8,551.0,0,38.0,269.0,1,0
18.3,533.0,3,54.0,402.0,1,1
14.2,625.0,0,42.0,182.0,0,0
48.1,581.0,0,33.0,306.0,1,0
38.7,578.0,0,46.0,320.0,1,1
22.1,728.0,2,38.0,406.0,0,1
38.2,537.0,0,49.0,328.0,0,0
47.6,666.0,1,52.0,125.0,1,0
20.1,553.0,3,22.0,155.0,0,1
15.4,457.0,3,38.0,419.0,0,1
33.5,472.0,1,46.0,213.0,0,0
22.4,556.0,1,22.0,287.0,0,1
41.5,657.0,0,35.0,352.0,1,0
63.6,658.0,1,30.0,486.0,1,0
33.3,578.0,1,46.0,428.0,0,0
18.9,656.0,2,28.0,450.0,0,1
42.4,607.0,0,37.0,106.0,1,0
18.0,576.0,1,26.0,276.0,0,0
64.1,677.0,0,51.0,166.0,1,0
31.6,707.0,1,42.0,292.0,1,0
43.1,691.0,0,36.0,344.0,1,1
44.6,572.0,0,23.0,359.0,1,1
29.7,651.0,1,39.0,356.0,0,0
7.4,408.0,1,45.0,491.0,0,1
12.8,618.0,0,38.0,357.0,0,1
33.2,632.0,0,40.0,269.0,1,0
31.4,614.0,2,41.0,418.0,0,1
37.9,580.0,3,21.0,164.0,1,1
25.6,717.0,0,26.0,274.0,1,0
19.8,592.0,0,28.0,524.0,1,1
23.8,587.0,0,44.0,448.0,0,0
33.0,578.0,1,40.0,205.0,1,0
33.4,693.0,1,31.0,569.0,0,1
24.6,574.0,1,24.0,228.0,0,1
49.0,525.0,1,45.0,381.0,1,1
21.8,590.0,2,36.0,533.0,0,1
36.2,754.0,0,21.0,267.0,1,0
34.8,573.0,4,25.0,20.0,1,0
19.8,655.0,2,58.0,396.0,0,1
34.6,575.0,0,40.0,92.0,0,1
27.8,575.0,2,24.0,198.0,1,1
22.5,550.0,0,52.0,271.0,0,1
38.9,491.0,1,39.0,300.0,1,1
14.4,590.0,2,49.0,197.0,0,1
35.1,665.0,0,29.0,88.0,1,0
20.5,742.0,1,57.0,303.0,0,0
34.2,640.0,2,37.0,440.0,1,0
27.4,526.0,1,35.0,492.0,0,1
28.0,667.0,0,31.0,374.0,1,0
25.7,641.0,0,34.0,281.0,0,0
41.7,726.0,0,31.0,153.0,0,0
27.7,788.0,1,57.0,428.0,0,0
57.2,709.0,1,32.0,396.0,1,0
31.6,565.0,0,48.0,409.0,0,0
51.6,586.0,2,45.0,230.0,1,0
19.9,704.0,3,34.0,227.0,0,1
41.6,554.0,0,28.0,401.0,1,0
29.4,587.0,0,37.0,403.0,0,0
21.6,657.0,1,49.0,398.0,0,0
19.4,696.0,2,45.0,530.0,0,1
12.4,620.0,1,50.0,150.0,0,1
43.7,340.0,1,49.0,315.0,0,1
25.4,631.0,0,29.0,444.0,1,1
42.1,572.0,1,38.0,375.0,0,0
23.1,512.0,1,53.0,521.0,0,1
27.1,602.0,1,21.0,390.0,1,0
34.5,701.0,1,38.0,230.0,0,0
21.4,498.0,0,40.0,276.0,0,1
34.0,743.0,2,47.0,596.0,0,0
35.0,688.0,0,42.0,370.0,1,0
33.0,684.0,1,26.0,252.0,0,0
17.8,527.0,1,36.0,352.0,0,1
52.5,577.0,2,48.0,360.0,1,0
33.1,566.0,1,54.0,448.0,0,1
26.2,600.0,0,46.0,178.0,1,0
55.8,594.0,0,32.0,243.0,0,0
33.7,571.0,0,31.0,317.0,0,0
74.4,584.0,1,31.0,220.0,1,0
64.0,581.0,2,24.0,420.0,1,0
26.0,624.0,0,32.0,213.0,0,0
23.7,451.0,1,41.0,189.0,0,0
23.8,644.0,0,52.0,221.0,0,0
12.5,753.0,1,37.0,518.0,1,1
29.6,697.0,0,41.0,426.0,1,0
30.6,515.0,1,43.0,372.0,0,0
44.0,694.0,1,41.0,338.0,0,0
19.9,806.0,0,53.0,112.0,0,0
37.3,578.0,1,49.0,20.0,0,0
14.8,665.0,0,33.0,121.0,0,0
31.2,807.0,2,21.0,233.0,1,1
23.2,693.0,0,24.0,111.0,0,0
45.6,740.0,1,42.0,266.0,1,0
32.8,501.0,0,39.0,298.0,0,0
38.1,621.0,2,44.0,259.0,0,0
36.1,635.0,1,32.0,352.0,0,0
43.6,651.0,1,49.0,310.0,1,0
45.9,671.0,4,48.0,113.0,1,0
63.8,614.0,1,47.0,20.0,1,0
22.6,482.0,0,29.0,380.0,0,1
36.1,696.0,3,28.0,410.0,0,0
12.9,634.0,0,37.0,216.0,1,1
46.2,494.0,3,28.0,391.0,1,1
32.8,668.0,0,36.0,536.0,1,0
40.0,650.0,1,24.0,561.0,1,0
38.9,648.0,0,55.0,464.0,0,0
29.7,574.0,0,29.0,338.0,0,0
37.3,747.0,1,34.0,135.0,0,0
62.1,651.0,2,25.0,235.0,1,0
45.8,529.0,1,42.0,141.0,1,0
40.3,461.0,1,50.0,294.0,0,1
35.1,531.0,2,63.0,123.0,1,1
27.9,387.0,0,26.0,71.0,0,1
22.5,577.0,0,63.0,355.0,0,0
55.6,612.0,1,51.0,137.0,1,0
32.3,491.0,1,36.0,48.0,0,0
32.4,551.0,2,33.0,106.0,1,0
42.3,740.0,1,39.0,203.0,1,0
55.6,610.0,0,43.0,382.0,1,0
39.4,738.0,2,57.0,341.0,1,0
18.0,583.0,0,34.0,428.0,0,0
29.4,584.0,1,45.0,348.0,0,0
7.2,402.0,2,39.0,465.0,0,1
51.5,666.0,0,45.0,69.0,1,0
33.7,699.0,1,39.0,113.0,1,0
33.0,569.0,0,50.0,343.0,1,0
37.2,572.0,1,36.0,319.0,0,0
19.5,673.0,0,47.0,245.0,1,1
69.2,534.0,1,30.0,118.0,1,0
32.8,530.0,0,32.0,328.0,1,0
32.2,629.0,1,50.0,149.0,1,0
38.7,545.0,0,27.0,210.0,0,1
35.4,655.0,1,46.0,178.0,0,0
76.8,517.0,0,37.0,239.0,1,0
36.8,736.0,1,24.0,530.0,1,0
26.7,659.0,1,67.0,457.0,0,1
12.5,606.0,0,24.0,257.0,0,0
24.5,521.0,0,37.0,341.0,0,0
29.2,505.0,1,33.0,386.0,1,1
33.3,519.0,0,30.0,192.0,1,1
9.7,471.0,1,47.0,409.0,0,1
64.9,721.0,1,36.0,137.0,1,0
18.8,631.0,2,31.0,331.0,1,1
5.0,696.0,2,49.0,376.0,1,1
22.2,757.0,0,40.0,354.0,1,0
30.9,718.0,0,28.0,547.0,1,0
15.9,640.0,4,36.0,356.0,0,1
39.5,563.0,1,21.0,348.0,0,0
26.6,667.0,1,40.0,437.0,0,0
40.4,619.0,0,38.0,206.0,1,0
34.4,577.0,0,51.0,405.0,0,0
44.3,554.0,0,43.0,433.0,1,0
38.3,697.0,2,31.0,243.0,0,0
23.4,733.0,1,28.0,174.0,1,1
31.8,575.0,2,44.0,368.0,1,1
35.0,561.0,1,21.0,475.0,0,0
3.5,663.0,0,40.0,335.0,0,0
13.6,543.0,1,40.0,137.0,0,0
47.5,654.0,0,63.0,371.0,1,0
23.0,756.0,1,24.0,237.0,0,0
37.8,562.0,1,34.0,384.0,0,0
52.1,602.0,1,54.0,614.0,1,0
22.0,779.0,1,40.0,514.0,1,1
46.1,566.0,1,44.0,466.0,1,0
58.0,613.0,2,42.0,344.0,1,0
29.5,515.0,2,36.0,377.0,0,0
25.3,537.0,1,30.0,262.0,1,0
37.2,476.0,0,37.0,220.0,0,0
34.7,850.0,0,49.0,402.0,0,0
33.7,651.0,1,35.0,233.0,0,0
35.5,596.0,1,32.0,378.0,0,0
5.0,505.0,2,30.0,214.0,1,1
53.2,436.0,1,21.0,386.0,1,0
67.1,622.0,1,29.0,260.0,1,0
32.6,587.0,0,41.0,148.0,0,0
42.9,645.0,4,28.0,262.0,1,1
35.3,662.0,1,38.0,289.0,0,1
31.6,691.0,1,33.0,497.0,0,0
49.8,596.0,0,27.0,349.0,1,0
40.0,656.0,2,40.0,219.0,1,1
28.5,563.0,0,67.0,236.0,1,1
24.9,523.0,2,21.0,315.0,1,1
25.0,570.0,3,25.0,218.0,1,1
19.4,669.0,1,33.0,352.0,1,0
16.8,655.0,3,36.0,181.0,0,0
46.5,599.0,0,38.0,342.0,0,0
51.3,629.0,2,64.0,296.0,1,1
30.6,745.0,1,56.0,311.0,1,0
34.1,438.0,0,37.0,407.0,1,1
41.7,487.0,2,41.0,133.0,1,1
30.2,599.0,1,59.0,335.0,1,0
41.0,663.0,1,33.0,317.0,1,0
51.7,581.0,0,39.0,156.0,1,0
39.5,681.0,1,36.0,161.0,1,0
45.0,329.0,1,25.0,324.0,1,0
53.3,390.0,0,21.0,92.0,1,0
25.1,549.0,1,31.0,253.0,0,0
31.0,840.0,1,46.0,341.0,0,0
24.8,600.0,3,41.0,367.0,0,1
27.7,398.0,3,57.0,20.0,0,1
35.1,568.0,3,46.0,356.0,1,1
32.1,656.0,0,46.0,195.0,1,0
42.6,687.0,2,37.0,346.0,1,0
33.9,642.0,4,35.0,386.0,0,0
42.2,579.0,0,39.0,298.0,1,0
47.5,661.0,0,42.0,272.0,1,0
28.9,704.0,1,34.0,136.0,1,0
21.9,550.0,1,40.0,516.0,1,1
46.3,589.0,5,35.0,313.0,1,1
50.3,588.0,1,39.0,190.0,1,0
40.7,447.0,1,30.0,46.0,1,1
42.2,487.0,0,43.0,484.0,0,0
37.5,391.0,2,52.0,482.0,0,1
56.1,608.0,0,32.0,206.0,0,0
25.9,573.0,0,46.0,405.0,0,0
25.0,569.0,2,35.0,260.0,1,1
28.9,597.0,3,41.0,225.0,1,1
22.1,647.0,0,44.0,433.0,0,1
47.1,539.0,3,43.0,320.0,1,0
5.3,706.0,0,43.0,346.0,0,0
41.8,457.0,1,30.0,558.0,0,1
36.4,599.0,2,42.0,122.0,1,1
25.4,591.0,2,30.0,287.0,0,1
23.8,676.0,0,26.0,303.0,1,0
26.8,555.0,2,30.0,141.0,0,0
40.2,696.0,0,35.0,294.0,1,0
26.7,579.0,0,46.0,274.0,0,0
31.6,591.0,1,21.0,339.0,0,0
21.8,587.0,1,40.0,76.0,0,0
18.6,663.0,0,39.0,266.0,0,0
48.2,677.0,3,51.0,466.0,1,1
41.5,546.0,0,32.0,309.0,1,1
43.0,473.0,2,49.0,394.0,1,1
39.1,512.0,2,48.0,442.0,0,0
24.7,615.0,1,35.0,430.0,1,1
19.0,599.0,2,40.0,484.0,0,1
58.9,613.0,1,29.0,358.0,1,0
12.4,535.0,3,38.0,385.0,0,1
14.3,672.0,1,29.0,456.0,0,0
36.6,584.0,0,57.0,368.0,0,0
30.5,453.0,1,21.0,499.0,0,1
41.6,614.0,2,41.0,263.0,1,0
38.6,649.0,0,50.0,420.0,1,1
40.5,613.0,1,21.0,329.0,1,0
27.0,612.0,1,46.0,540.0,0,0
60.3,620.0,1,27.0,177.0,1,0
23.8,505.0,0,27.0,265.0,0,1
26.3,738.0,3,44.0,341.0,0,1
66.9,571.0,1,44.0,234.0,1,1
40.4,732.0,0,46.0,322.0,1,0
73.5,550.0,0,51.0,203.0,1,0
26.9,687.0,3,53.0,115.0,0,0
60.5,622.0,1,27.0,300.0,1,0
15.2,609.0,3,41.0,431.0,1,1
29.6,516.0,0,43.0,382.0,0,0
16.2,709.0,1,64.0,79.0,1,0
36.9,638.0,1,40.0,373.0,0,0
21.8,592.0,2,21.0,465.0,1,1
44.3,709.0,0,23.0,173.0,1,1
25.0,608.0,1,36.0,444.0,0,1
15.8,799.0,2,31.0,153.0,0,1
15.7,692.0,1,60.0,434.0,1,1
32.3,570.0,3,26.0,223.0,1,0
46.3,722.0,1,25.0,432.0,0,0
35.6,605.0,1,31.0,78.0,1,0
53.8,781.0,2,32.0,537.0,1,0
39.1,607.0,2,21.0,345.0,1,1
53.2,593.0,2,50.0,408.0,1,0
12.6,608.0,1,31.0,380.0,1,1
34.0,636.0,2,39.0,235.0,1,1
38.0,739.0,0,32.0,163.0,0,0
26.3,626.0,0,48.0,404.0,0,0
38.7,590.0,2,42.0,213.0,1,0
23.5,556.0,0,33.0,233.0,0,0
57.2,671.0,0,28.0,340.0,1,0
31.1,550.0,1,37.0,329.0,0,0
28.5,495.0,0,21.0,316.0,0,0
49.6,515.0,0,38.0,308.0,1,0
48.8,558.0,3,38.0,361.0,1,0
43.2,589.0,2,42.0,276.0,1,1
63.2,695.0,3,38.0,280.0,1,0
39.1,548.0,2,25.0,664.0,1,1
30.9,708.0,0,55.0,224.0,0,0
30.4,453.0,1,46.0,268.0,1,1
42.3,837.0,1,34.0,153.0,1,0
63.8,457.0,0,35.0,175.0,1,0
21.2,618.0,1,43.0,266.0,0,0
16.1,580.0,0,21.0,400.0,0,0
55.0,529.0,0,34.0,128.0,1,0
37.8,661.0,0,34.0,251.0,1,0
29.0,695.0,2,43.0,279.0,0,0
39.3,585.0,1,36.0,21.0,1,1
41.2,709.0,0,26.0,231.0,1,0
52.8,606.0,3,21.0,356.0,1,0
19.2,504.0,0,34.0,288.0,0,0
17.4,593.0,0,43.0,409.0,0,0
28.9,553.0,2,43.0,191.0,0,0
15.9,641.0,0,40.0,467.0,1,1
13.6,564.0,0,39.0,385.0,0,1
47.6,593.0,1,43.0,109.0,0,0
36.0,502.0,1,31.0,323.0,0,1
27.9,696.0,1,50.0,403.0,0,0
41.0,568.0,1,21.0,340.0,0,1
17.1,504.0,0,23.0,354.0,0,1
35.3,837.0,0,25.0,378.0,1,0
49.4,473.0,2,53.0,291.0,1,1
53.4,646.0,1,54.0,232.0,1,0
33.4,405.0,2,48.0,264.0,0,1
3.5,628.0,0,48.0,156.0,0,1
25.5,617.0,1,38.0,431.0,1,1
47.2,577.0,2,33.0,245.0,1,1
34.7,477.0,3,49.0,409.0,1,1
54.7,523.0,4,45.0,309.0,0,0
53.9,527.0,0,35.0,405.0,1,0
33.9,494.0,0,45.0,267.0,0,0
23.2,515.0,0,30.0,449.0,1,1
27.6,729.0,2,36.0,292.0,0,0
43.6,635.0,1,46.0,151.0,1,0
56.9,720.0,2,37.0,245.0,1,0
53.2,511.0,1,28.0,390.0,1,1
38.8,561.0,0,30.0,379.0,0,1
26.1,444.0,2,41.0,268.0,1,1
42.8,493.0,0,26.0,109.0,0,0
13.5,574.0,2,21.0,410.0,0,1
32.0,562.0,1,50.0,82.0,1,0
32.5,760.0,1,33.0,221.0,0,0
37.8,610.0,1,30.0,425.0,1,1
17.4,576.0,1,30.0,451.0,0,1
19.4,641.0,2,21.0,237.0,0,1
16.8,602.0,3,34.0,206.0,1,1
33.6,502.0,1,35.0,357.0,0,0
41.2,544.0,0,40.0,468.0,0,0
26.9,726.0,2,22.0,253.0,0,0
23.8,717.0,1,30.0,260.0,0,0
12.5,623.0,1,47.0,285.0,0,1
37.6,692.0,0,34.0,258.0,0,0
51.2,748.0,3,23.0,230.0,0,0
9.1,560.0,3,25.0,251.0,0,1
16.8,617.0,0,29.0,148.0,0,0
29.8,620.0,1,49.0,267.0,1,0
22.1,526.0,1,34.0,80.0,0,0
43.4,640.0,2,35.0,435.0,1,1
64.2,497.0,2,25.0,191.0,1,0
38.6,609.0,0,27.0,412.0,0,0
47.9,576.0,1,56.0,505.0,1,1
29.1,639.0,4,43.0,127.0,1,1
23.2,478.0,1,37.0,315.0,1,0
19.6,553.0,1,51.0,211.0,0,0
44.3,769.0,1,37.0,253.0,0,0
39.1,588.0,0,39.0,225.0,1,0
33.3,606.0,0,36.0,177.0,1,0
37.2,540.0,1,34.0,348.0,1,0
52.4,604.0,1,36.0,156.0,1,0
14.2,634.0,1,50.0,311.0,0,0
61.2,557.0,0,43.0,179.0,1,1
29.6,578.0,1,36.0,572.0,0,1
36.8,585.0,1,45.0,276.0,1,1
32.6,627.0,1,37.0,422.0,0,1
30.3,702.0,1,40.0,231.0,0,1
24.4,540.0,1,35.0,278.0,0,1
25.3,673.0,2,36.0,411.0,0,1
27.0,672.0,2,52.0,129.0,1,0
49.8,623.0,1,33.0,263.0,1,0
32.0,697.0,0,26.0,405.0,1,0
25.7,609.0,2,30.0,358.0,1,1
42.5,610.0,1,33.0,341.0,1,0
42.0,584.0,1,51.0,317.0,0,0
39.3,576.0,1,37.0,366.0,1,0
21.6,581.0,0,31.0,274.0,0,0
46.1,433.0,0,21.0,379.0,1,1
48.3,654.0,0,52.0,208.0,0,0
18.2,571.0,1,21.0,282.0,1,1
32.0,468.0,0,49.0,217.0,0,0
43.1,687.0,0,48.0,204.0,1,0
57.4,512.0,0,29.0,323.0,1,1
38.4,677.0,1,35.0,227.0,0,0
26.0,533.0,0,36.0,477.0,0,0
10.3,686.0,0,37.0,558.0,0,0
52.1,771.0,0,30.0,452.0,1,0
27.5,456.0,3,30.0,407.0,1,1
25.8,577.0,3,36.0,366.0,1,1
40.1,686.0,2,21.0,357.0,0,0
18.4,625.0,1,31.0,135.0,0,0
61.0,625.0,1,42.0,64.0,1,0
31.5,682.0,3,39.0,271.0,0,0
31.4,529.0,2,44.0,267.0,0,1
44.6,485.0,1,28.0,585.0,1,1
10.8,536.0,1,36.0,178.0,0,1
9.3,720.0,0,49.0,584.0,0,1
30.3,531.0,0,40.0,174.0,0,0
48.5,462.0,1,21.0,302.0,1,1
28.9,704.0,0,43.0,105.0,0,0
27.7,554.0,0,32.0,486.0,1,1
28.2,560.0,2,31.0,268.0,0,0
38.8,475.0,0,24.0,135.0,1,1
17.9,648.0,0,29.0,509.0,0,1
55.2,651.0,1,39.0,72.0,1,0
14.0,550.0,1,37.0,388.0,1,1
34.2,493.0,1,47.0,183.0,0,0
32.0,430.0,1,21.0,359.0,0,1
55.1,651.0,1,21.0,401.0,1,0
17.4,834.0,0,44.0,300.0,0,0
41.5,636.0,1,22.0,439.0,1,0
50.8,655.0,0,36.0,283.0,0,0
49.9,613.0,2,53.0,254.0,1,0
29.1,631.0,1,31.0,155.0,0,0
33.7,579.0,1,57.0,79.0,0,0
28.9,626.0,1,46.0,39.0,0,0
51.0,528.0,0,35.0,365.0,0,0
54.8,488.0,1,29.0,237.0,1,0
38.7,610.0,1,40.0,382.0,1,0
30.6,609.0,2,33.0,507.0,0,0
34.1,494.0,1,32.0,413.0,1,1
40.7,550.0,0,44.0,153.0,0,0
18.9,568.0,1,41.0,237.0,1,0
15.9,664.0,1,53.0,233.0,1,0
43.3,614.0,2,34.0,437.0,0,0
72.3,585.0,3,36.0,402.0,1,0
32.9,457.0,1,51.0,206.0,0,0
29.2,624.0,0,42.0,478.0,0,0
34.9,648.0,0,27.0,252.0,0,1
21.2,798.0,2,27.0,196.0,0,0
29.8,640.0,2,28.0,380.0,0,1
40.6,683.0,1,22.0,138.0,1,0
49.4,684.0,1,27.0,433.0,1,0
11.6,437.0,0,33.0,604.0,0,1
22.7,589.0,0,21.0,489.0,0,1
36.9,585.0,0,59.0,275.0,0,0
20.9,559.0,1,33.0,442.0,0,1
25.1,677.0,0,26.0,467.0,1,0
70.6,746.0,1,41.0,352.0,1,0
28.4,517.0,0,45.0,422.0,0,0
21.9,586.0,0,34.0,258.0,0,1
14.6,638.0,2,25.0,292.0,1,1
35.7,530.0,0,53.0,382.0,0,0
50.5,410.0,5,53.0,205.0,1,0
35.5,581.0,3,37.0,430.0,1,1
23.5,501.0,0,26.0,206.0,1,1
39.6,426.0,1,41.0,359.0,1,1
27.5,681.0,1,21.0,229.0,1,1
25.9,747.0,0,51.0,377.0,1,0
38.5,648.0,1,48.0,236.0,1,1
24.2,637.0,0,42.0,296.0,1,0
43.7,639.0,3,27.0,224.0,1,0
49.1,593.0,1,49.0,334.0,1,0
27.4,640.0,0,37.0,213.0,1,1
13.6,588.0,1,34.0,501.0,0,1
44.4,532.0,1,44.0,135.0,0,0
25.9,715.0,0,31.0,278.0,1,0
30.1,667.0,1,38.0,234.0,1,1
43.2,839.0,1,36.0,327.0,1,0
49.0,526.0,1,32.0,312.0,1,0
25.3,470.0,1,21.0,364.0,0,0
32.8,721.0,2,29.0,350.0,0,0
34.0,591.0,1,48.0,174.0,1,1
17.8,722.0,0,32.0,504.0,0,1
43.0,781.0,0,70.0,288.0,0,0
77.3,476.0,1,55.0,232.0,1,0
45.8,523.0,0,36.0,317.0,0,0
42.1,449.0,2,42.0,481.0,1,1
47.3,586.0,0,67.0,203.0,0,0
45.3,535.0,0,35.0,320.0,1,0
23.0,425.0,1,34.0,344.0,0,1
32.9,609.0,1,37.0,136.0,0,0
38.6,715.0,0,40.0,192.0,1,0
17.7,513.0,0,32.0,317.0,0,1
18.6,712.0,0,33.0,248.0,0,0
36.4,663.0,2,52.0,477.0,0,0
8.6,594.0,1,38.0,144.0,0,1
34.3,505.0,0,32.0,283.0,0,0
15.6,558.0,0,42.0,349.0,1,1
5.7,792.0,1,42.0,189.0,0,1
12.4,565.0,1,32.0,252.0,1,1
48.7,651.0,1,32.0,278.0,0,0
25.9,575.0,0,39.0,241.0,0,0
41.3,501.0,0,40.0,442.0,1,1
61.3,662.0,0,53.0,248.0,1,0
54.0,748.0,0,28.0,331.0,1,0
19.1,696.0,2,32.0,228.0,1,0
37.1,745.0,1,42.0,97.0,0,0
29.9,613.0,2,43.0,20.0,0,0
34.9,600.0,1,21.0,340.0,1,0
28.3,647.0,1,40.0,300.0,0,0
59.2,580.0,0,29.0,377.0,1,0
26.7,556.0,2,46.0,300.0,1,1
46.0,457.0,3,30.0,451.0,1,1
39.9,692.0,1,36.0,224.0,1,0
9.1,604.0,2,40.0,429.0,0,1
19.6,456.0,2,41.0,97.0,0,0
42.9,436.0,0,36.0,350.0,1,1
41.6,759.0,1,34.0,192.0,0,0
38.5,697.0,0,28.0,190.0,0,0
49.0,635.0,0,32.0,333.0,1,0
27.8,468.0,1,24.0,87.0,1,1
67.0,576.0,0,53.0,449.0,1,0
30.3,507.0,1,39.0,478.0,0,1
17.4,567.0,1,22.0,379.0,0,1
26.1,580.0,3,44.0,241.0,0,0
53.4,535.0,0,22.0,403.0,1,0
40.1,475.0,1,29.0,20.0,1,0
37.3,666.0,1,38.0,247.0,0,0
56.6,622.0,0,28.0,304.0,1,0
32.2,649.0,1,35.0,332.0,0,0
19.0,702.0,0,43.0,317.0,0,0
29.4,699.0,1,21.0,275.0,0,0
40.7,750.0,0,53.0,170.0,1,1
67.9,683.0,0,45.0,404.0,1,0
10.9,641.0,0,31.0,382.0,0,1
38.0,563.0,1,58.0,205.0,1,0
21.9,484.0,0,27.0,331.0,0,1
45.0,653.0,1,49.0,375.0,1,0
3.5,574.0,1,35.0,369.0,0,1
39.7,780.0,0,57.0,425.0,0,1
40.2,555.0,3,41.0,193.0,1,1
8.6,625.0,1,36.0,212.0,0,1
24.2,626.0,2,36.0,231.0,0,0
34.4,467.0,0,37.0,486.0,0,0
11.3,531.0,0,37.0,422.0,0,1
28.0,421.0,1,35.0,137.0,0,0
24.1,625.0,0,34.0,481.0,1,0
31.7,617.0,1,32.0,120.0,1,0
40.4,667.0,0,38.0,248.0,1,0
42.8,535.0,1,40.0,213.0,1,1
32.9,505.0,1,44.0,148.0,1,0
44.1,571.0,0,40.0,520.0,1,1
52.3,637.0,1,38.0,186.0,1,0
35.8,503.0,3,34.0,394.0,1,1
43.0,634.0,0,40.0,288.0,0,0
43.4,644.0,2,40.0,190.0,0,0
23.5,674.0,2,34.0,225.0,0,0
21.3,568.0,0,48.0,235.0,0,1
15.0,608.0,1,45.0,335.0,1,1
38.1,711.0,1,31.0,390.0,1,1
34.5,537.0,2,30.0,279.0,1,1
51.7,597.0,2,32.0,389.0,1,0
12.1,781.0,3,38.0,320.0,0,1
35.8,627.0,0,30.0,347.0,1,0
38.2,685.0,0,36.0,175.0,0,0
20.3,627.0,0,42.0,492.0,0,0
28.6,691.0,2,35.0,506.0,1,0
18.3,644.0,1,40.0,190.0,1,1
79.3,580.0,1,33.0,238.0,1,0
20.2,578.0,1,29.0,346.0,0,1
20.5,579.0,0,41.0,342.0,1,0
27.9,659.0,0,21.0,372.0,1,1
28.4,602.0,0,62.0,267.0,1,1
25.2,598.0,1,28.0,421.0,0,1
52.4,607.0,2,30.0,257.0,1,0
35.5,625.0,1,35.0,188.0,1,0
26.2,741.0,2,31.0,301.0,1,0
18.2,517.0,2,31.0,169.0,1,1
40.3,697.0,0,41.0,156.0,1,0
28.4,562.0,2,36.0,230.0,0,1
44.1,570.0,1,33.0,310.0,0,0
41.4,587.0,0,23.0,215.0,1,1
27.0,478.0,0,28.0,306.0,0,1
17.0,543.0,2,39.0,214.0,0,1
24.8,588.0,2,39.0,289.0,0,1
33.4,546.0,0,24.0,347.0,1,1
24.1,717.0,1,36.0,175.0,0,0
25.6,526.0,2,21.0,440.0,1,1
33.7,585.0,2,42.0,356.0,0,1
37.9,546.0,1,34.0,452.0,1,0
25.9,713.0,0,48.0,370.0,0,0
14.3,479.0,0,42.0,397.0,1,1
47.4,637.0,2,49.0,366.0,1,0
33.1,708.0,2,34.0,298.0,0,0
27.4,727.0,0,37.0,290.0,1,1
38.4,616.0,0,30.0,216.0,0,0
13.7,756.0,2,47.0,260.0,0,0
27.8,514.0,4,39.0,405.0,0,1
35.9,550.0,1,36.0,261.0,1,1
14.2,551.0,2,50.0,289.0,0,1
42.8,623.0,1,21.0,206.0,1,0
45.9,410.0,0,48.0,492.0,0,1
41.0,685.0,0,30.0,290.0,1,0
33.1,711.0,1,39.0,199.0,1,0
32.7,574.0,2,21.0,455.0,0,0
41.6,713.0,0,40.0,346.0,1,0
40.4,652.0,0,30.0,428.0,1,0
23.5,512.0,1,26.0,241.0,0,0
61.3,538.0,0,52.0,346.0,1,1
46.8,554.0,1,24.0,337.0,1,0
32.1,630.0,1,34.0,150.0,1,0
38.4,685.0,3,42.0,403.0,1,1
28.9,660.0,2,43.0,305.0,1,0
21.6,544.0,1,25.0,192.0,0,0
21.3,610.0,2,34.0,322.0,0,1
23.0,545.0,1,55.0,252.0,1,1
51.7,742.0,1,33.0,249.0,1,0
35.6,565.0,2,56.0,357.0,1,0
48.3,594.0,0,41.0,238.0,1,0
21.0,574.0,0,43.0,409.0,0,0
39.1,492.0,1,21.0,269.0,1,1
20.5,593.0,1,34.0,380.0,0,1
35.6,674.0,0,51.0,475.0,0,0
36.3,585.0,2,34.0,384.0,1,0
20.3,451.0,2,30.0,252.0,0,1
15.4,581.0,0,34.0,352.0,1,1
30.9,536.0,1,43.0,283.0,0,0
29.4,605.0,2,28.0,213.0,1,1
39.8,687.0,0,33.0,71.0,1,0
22.8,537.0,0,29.0,323.0,0,0
54.3,586.0,1,27.0,556.0,1,0
48.2,604.0,2,54.0,481.0,1,0
32.7,472.0,0,25.0,475.0,0,0
30.8,632.0,0,45.0,103.0,1,0
32.9,574.0,0,39.0,109.0,0,1
46.0,514.0,0,50.0,217.0,0,0
19.3,479.0,1,44.0,195.0,0,1
29.8,596.0,1,37.0,203.0,0,1
15.3,674.0,2,48.0,254.0,1,0
42.7,644.0,0,34.0,397.0,0,0
23.8,494.0,1,38.0,334.0,0,0
51.7,569.0,4,30.0,363.0,1,1
9.9,641.0,1,33.0,20.0,0,0
46.9,707.0,0,42.0,362.0,0,0
24.3,736.0,1,25.0,311.0,0,0
48.2,619.0,0,52.0,375.0,1,0
29.6,697.0,0,42.0,211.0,0,0
36.2,474.0,1,54.0,339.0,1,1
45.7,646.0,2,38.0,207.0,0,0
10.7,743.0,4,33.0,20.0,0,0
31.1,596.0,1,49.0,357.0,0,1
37.6,724.0,1,50.0,192.0,0,0
39.6,722.0,2,29.0,302.0,1,1
38.2,656.0,2,40.0,408.0,1,1
37.9,751.0,0,40.0,340.0,1,0
15.1,574.0,0,36.0,415.0,0,1
28.4,579.0,0,26.0,266.0,0,1
47.7,737.0,0,26.0,20.0,1,0
41.0,635.0,2,62.0,450.0,1,1
25.1,488.0,2,50.0,159.0,0,1
32.7,602.0,0,54.0,176.0,1,1
35.8,850.0,2,21.0,383.0,1,1
41.2,387.0,0,21.0,359.0,0,0
8.7,719.0,1,51.0,245.0,1,0
40.6,554.0,3,28.0,103.0,1,1
24.6,648.0,1,48.0,489.0,0,1
61.8,674.0,0,44.0,296.0,1,0
28.6,479.0,1,45.0,180.0,0,0
62.3,460.0,1,37.0,188.0,1,0
8.1,522.0,1,48.0,429.0,1,1
32.8,591.0,3,41.0,272.0,0,1
30.9,449.0,0,33.0,328.0,0,0
42.6,659.0,0,34.0,230.0,0,0
10.8,653.0,1,26.0,402.0,0,1
37.7,627.0,0,36.0,274.0,1,0
41.0,620.0,0,43.0,512.0,1,1
22.8,481.0,0,49.0,325.0,0,0
40.8,572.0,0,35.0,490.0,0,0
34.9,604.0,1,33.0,281.0,1,0
70.5,670.0,2,30.0,224.0,1,1
39.1,612.0,0,35.0,89.0,0,0
38.0,750.0,1,31.0,233.0,0,0
33.9,656.0,1,38.0,177.0,0,0
24.0,605.0,1,35.0,305.0,1,1
23.5,641.0,0,56.0,357.0,0,0
48.6,745.0,0,35.0,277.0,1,0
35.1,499.0,0,54.0,298.0,0,1
41.7,568.0,2,32.0,326.0,0,0
33.0,569.0,1,36.0,183.0,1,0
19.0,540.0,2,36.0,20.0,0,1
37.0,514.0,1,36.0,20.0,0,0
19.5,654.0,0,26.0,375.0,0,0
53.1,559.0,0,34.0,419.0,1,1
58.0,655.0,1,42.0,419.0,1,0
32.8,559.0,0,41.0,542.0,0,0
24.2,486.0,1,42.0,351.0,0,1
28.4,708.0,0,33.0,396.0,0,0
48.9,762.0,1,27.0,266.0,1,0
28.1,620.0,2,43.0,332.0,0,0
51.1,647.0,0,21.0,216.0,0,0
25.1,756.0,0,51.0,343.0,1,0
17.5,646.0,0,38.0,256.0,0,0
25.3,705.0,1,47.0,527.0,1,1
21.8,664.0,2,36.0,591.0,0,0
5.1,719.0,0,30.0,487.0,0,0
30.6,628.0,1,50.0,397.0,1,1
30.2,627.0,0,44.0,242.0,1,0
28.8,655.0,0,38.0,83.0,0,0
32.4,479.0,0,33.0,459.0,0,0
21.4,521.0,1,52.0,124.0,1,0
53.5,722.0,1,54.0,243.0,1,0
67.0,728.0,0,32.0,287.0,1,0
25.8,639.0,0,31.0,280.0,0,0
44.5,514.0,2,34.0,388.0,0,0
30.1,708.0,0,25.0,308.0,0,0
48.9,607.0,1,36.0,317.0,0,0
39.7,495.0,1,40.0,231.0,0,0
16.5,656.0,0,21.0,323.0,1,1
28.2,680.0,1,31.0,359.0,0,1
39.1,679.0,1,47.0,404.0,0,0
28.3,572.0,4,39.0,305.0,0,1
27.6,553.0,2,21.0,195.0,0,1
41.3,482.0,1,40.0,345.0,0,0
29.4,737.0,0,47.0,286.0,1,0
40.3,619.0,0,48.0,243.0,1,0
44.9,741.0,1,47.0,516.0,1,0
35.0,577.0,0,32.0,270.0,1,1
39.7,754.0,0,32.0,139.0,1,0
36.1,436.0,3,34.0,270.0,0,1
32.5,615.0,1,47.0,298.0,0,0
27.9,527.0,1,28.0,197.0,1,0
23.4,546.0,0,31.0,202.0,1,0
28.2,481.0,0,42.0,155.0,1,1
40.0,542.0,2,34.0,73.0,1,0
37.6,772.0,1,23.0,234.0,1,0
27.5,549.0,0,41.0,261.0,1,1
31.0,697.0,1,49.0,350.0,1,1
17.2,424.0,0,31.0,204.0,1,1
32.4,820.0,0,36.0,285.0,0,0
27.6,598.0,1,35.0,344.0,0,1
14.8,682.0,1,38.0,248.0,0,0
40.4,712.0,0,47.0,223.0,1,0
60.1,548.0,1,41.0,256.0,1,0
28.9,638.0,1,33.0,250.0,1,1
59.7,576.0,0,32.0,167.0,1,0
24.6,538.0,2,43.0,488.0,0,1
30.1,462.0,0,24.0,360.0,0,1
41.5,591.0,2,28.0,117.0,1,0
42.7,667.0,0,41.0,502.0,0,0
42.4,684.0,1,42.0,413.0,1,1
22.9,621.0,2,30.0,395.0,1,1
20.3,637.0,2,36.0,285.0,1,1
17.0,628.0,0,52.0,259.0,1,0
14.3,534.0,2,24.0,434.0,1,1
28.5,462.0,1,38.0,392.0,0,1
17.9,549.0,0,27.0,386.0,0,0
27.2,456.0,1,50.0,547.0,0,1
20.6,674.0,1,26.0,163.0,0,0
28.4,824.0,0,34.0,219.0,1,0
23.0,691.0,0,37.0,351.0,0,1
35.4,575.0,2,31.0,268.0,0,0
37.8,602.0,2,35.0,286.0,0,0
31.9,704.0,1,38.0,433.0,0,0
25.2,546.0,1,44.0,325.0,1,0
49.7,612.0,0,21.0,279.0,1,1
50.3,405.0,1,36.0,217.0,1,1
44.1,500.0,1,34.0,359.0,1,1
30.9,549.0,1,34.0,371.0,1,1
35.4,657.0,1,54.0,217.0,0,1
46.3,531.0,0,32.0,205.0,1,0
3.5,656.0,0,47.0,143.0,0,1
34.8,616.0,0,43.0,379.0,0,0
11.3,767.0,0,33.0,439.0,1,0
50.0,503.0,2,43.0,222.0,1,0
37.7,418.0,5,39.0,198.0,1,1
57.9,381.0,0,42.0,330.0,1,1
38.5,587.0,1,32.0,152.0,1,0
18.7,704.0,2,49.0,244.0,0,0
26.5,617.0,1,33.0,377.0,0,1
55.9,659.0,1,36.0,308.0,1,0
28.3,596.0,3,50.0,452.0,0,1
26.8,621.0,0,36.0,300.0,0,0
51.2,464.0,0,37.0,249.0,1,0
43.2,774.0,3,43.0,535.0,1,0
39.9,643.0,1,55.0,340.0,1,0
42.3,482.0,1,32.0,323.0,0,0
44.3,423.0,0,39.0,336.0,0,0
49.2,648.0,2,42.0,271.0,1,1
35.7,590.0,3,35.0,159.0,1,1
43.7,575.0,0,33.0,300.0,0,0
40.4,729.0,1,48.0,232.0,0,0
35.5,549.0,0,34.0,299.0,0,0
21.8,524.0,0,52.0,271.0,1,1
42.1,665.0,0,25.0,349.0,1,1
20.2,655.0,1,41.0,252.0,0,0
37.6,484.0,1,44.0,100.0,1,1
30.5,671.0,1,43.0,433.0,0,0
41.5,776.0,2,29.0,441.0,1,0
23.0,570.0,1,25.0,400.0,0,1
59.1,545.0,1,30.0,155.0,1,0
14.6,535.0,0,49.0,408.0,1,0
51.0,677.0,1,51.0,361.0,1,0
12.1,680.0,1,32.0,452.0,1,1
32.0,500.0,0,58.0,366.0,0,1
18.7,702.0,1,36.0,227.0,0,1
37.2,715.0,0,46.0,212.0,0,0
41.3,627.0,2,38.0,209.0,1,0
43.7,403.0,1,36.0,582.0,1,1
24.7,671.0,0,47.0,339.0,1,0
30.2,454.0,2,51.0,288.0,1,1
30.2,667.0,0,49.0,359.0,0,1
34.1,691.0,1,38.0,252.0,0,0
58.8,686.0,1,41.0,490.0,0,0
30.3,365.0,1,42.0,403.0,0,1
38.2,534.0,0,59.0,281.0,0,0
11.7,667.0,2,30.0,484.0,0,0
20.1,593.0,1,37.0,298.0,1,0
34.7,463.0,2,29.0,354.0,1,1
15.4,561.0,0,37.0,361.0,0,1
62.3,600.0,0,33.0,268.0,1,0
23.7,446.0,0,45.0,394.0,0,0
42.5,754.0,1,28.0,296.0,0,0
62.3,673.0,1,57.0,116.0,1,0
28.4,613.0,2,44.0,321.0,0,0
47.5,534.0,0,23.0,231.0,1,0
27.4,572.0,0,30.0,156.0,0,0
33.7,541.0,0,32.0,422.0,0,0
33.1,511.0,2,22.0,181.0,0,1
26.7,613.0,2,52.0,374.0,0,1
47.6,699.0,0,31.0,240.0,1,0
46.1,583.0,0,33.0,289.0,0,0
35.5,563.0,1,27.0,363.0,0,0
44.9,616.0,0,39.0,479.0,1,0
41.9,670.0,0,36.0,296.0,1,0
17.4,553.0,3,39.0,211.0,0,1
17.2,476.0,1,44.0,288.0,0,1
44.9,685.0,0,33.0,466.0,1,0
13.6,477.0,0,35.0,626.0,0,1
28.5,648.0,1,29.0,100.0,1,0
41.5,591.0,3,21.0,223.0,0,0
68.7,519.0,1,37.0,327.0,1,0
10.5,725.0,0,23.0,107.0,0,0
64.4,690.0,0,48.0,25.0,1,0
36.8,652.0,2,40.0,280.0,1,0
39.8,640.0,1,42.0,239.0,1,0
26.8,643.0,1,35.0,459.0,0,1
56.2,511.0,0,24.0,214.0,1,1
11.1,549.0,3,48.0,219.0,0,1
46.8,452.0,3,41.0,253.0,1,1
25.8,626.0,2,27.0,468.0,1,1
34.0,729.0,2,49.0,350.0,0,0
44.2,565.0,2,31.0,412.0,0,0
28.0,621.0,0,47.0,408.0,0,1
45.6,552.0,1,44.0,325.0,1,0
46.1,558.0,1,37.0,265.0,1,1
19.6,569.0,1,49.0,122.0,0,1
43.9,468.0,1,44.0,297.0,0,0
45.9,702.0,2,21.0,227.0,0,0
35.4,600.0,0,47.0,288.0,0,0
28.8,687.0,0,61.0,471.0,0,1
23.2,627.0,0,48.0,114.0,0,0
30.6,527.0,1,39.0,252.0,1,1
46.0,571.0,0,39.0,447.0,0,0
42.9,457.0,0,32.0,315.0,0,0
27.3,671.0,0,33.0,84.0,0,0
11.4,612.0,0,37.0,351.0,0,1
5.0,529.0,1,32.0,266.0,1,1
16.6,464.0,2,38.0,325.0,0,1
26.6,548.0,0,58.0,76.0,0,0
42.7,500.0,2,29.0,334.0,0,1
30.2,612.0,0,50.0,407.0,1,1
47.6,505.0,3,36.0,357.0,1,1
41.7,785.0,1,37.0,434.0,0,0
41.9,689.0,1,37.0,203.0,1,0
26.5,566.0,0,55.0,383.0,0,1
14.3,466.0,1,34.0,234.0,0,1
15.4,590.0,0,48.0,279.0,0,0
46.2,424.0,2,50.0,387.0,1,1
25.9,695.0,2,27.0,278.0,0,0
29.3,671.0,1,41.0,204.0,0,1
27.5,730.0,1,42.0,321.0,0,0
50.0,550.0,0,41.0,20.0,1,0
28.2,673.0,1,30.0,429.0,1,1
35.0,725.0,1,40.0,299.0,1,0
47.9,561.0,0,37.0,217.0,0,0
19.6,534.0,0,26.0,323.0,0,1
35.8,721.0,1,30.0,438.0,1,0
21.8,613.0,3,32.0,375.0,0,1
46.7,638.0,2,44.0,250.0,1,1
55.3,592.0,0,56.0,240.0,1,0
22.8,488.0,1,37.0,247.0,0,1
23.5,699.0,0,25.0,357.0,0,0
25.1,417.0,1,32.0,180.0,0,0
33.6,690.0,0,38.0,293.0,0,0
20.2,575.0,0,32.0,193.0,0,0
24.1,583.0,1,42.0,482.0,0,1
3.5,552.0,3,36.0,252.0,0,1
13.5,647.0,0,26.0,239.0,0,0
38.3,637.0,0,51.0,257.0,1,1
37.4,745.0,2,45.0,193.0,0,0
44.4,583.0,1,38.0,285.0,1,1
16.5,584.0,2,39.0,445.0,0,1
19.0,568.0,3,38.0,338.0,1,1
29.8,609.0,2,40.0,314.0,0,1
10.6,560.0,0,27.0,174.0,0,0
39.2,704.0,1,52.0,396.0,0,0
41.0,723.0,5,48.0,398.0,1,1
11.1,427.0,3,23.0,129.0,0,1
25.5,484.0,1,21.0,306.0,1,1
29.1,508.0,0,50.0,401.0,1,0
19.9,660.0,0,35.0,20.0,0,0
12.4,520.0,1,37.0,337.0,0,1
18.8,650.0,1,38.0,544.0,0,1
29.7,723.0,1,44.0,284.0,1,1
20.5,669.0,1,67.0,415.0,0,1
56.9,506.0,0,39.0,337.0,1,0
41.6,492.0,1,34.0,297.0,1,0
25.1,360.0,0,34.0,320.0,1,1
24.5,644.0,1,37.0,223.0,0,0
26.8,487.0,1,31.0,476.0,1,0
24.8,604.0,0,39.0,399.0,0,0
37.2,621.0,1,37.0,363.0,0,0
30.6,482.0,1,33.0,187.0,0,1
52.0,685.0,0,31.0,330.0,0,0
31.9,507.0,2,39.0,128.0,0,0
26.3,547.0,3,32.0,353.0,1,1
36.5,494.0,0,21.0,139.0,0,0
39.3,604.0,0,33.0,39.0,0,0
39.5,540.0,1,37.0,221.0,0,0
23.6,804.0,1,26.0,503.0,1,0
37.8,542.0,2,47.0,176.0,1,0
39.9,617.0,1,46.0,301.0,0,0
14.7,575.0,1,46.0,249.0,1,0
22.8,680.0,4,40.0,321.0,0,0
18.6,600.0,1,46.0,432.0,1,1
18.2,468.0,1,35.0,150.0,0,1
24.8,618.0,0,27.0,540.0,1,1
58.8,640.0,0,47.0,209.0,1,0
25.5,485.0,0,48.0,246.0,0,1
27.0,506.0,1,25.0,285.0,1,1
17.1,541.0,1,35.0,190.0,0,1
42.1,623.0,1,39.0,235.0,1,1
27.9,568.0,1,54.0,349.0,0,1
42.1,397.0,2,48.0,97.0,0,1
47.5,532.0,0,46.0,168.0,1,0
13.0,702.0,0,31.0,336.0,0,0
21.4,657.0,2,38.0,491.0,0,1
39.2,659.0,1,36.0,131.0,0,1
30.7,595.0,0,32.0,619.0,1,1
46.2,796.0,0,32.0,433.0,0,0
23.5,594.0,1,57.0,329.0,1,1
34.0,579.0,3,35.0,355.0,0,1
19.0,557.0,0,46.0,278.0,0,1
22.6,564.0,1,41.0,71.0,0,1
56.5,670.0,0,38.0,264.0,1,0
26.7,412.0,4,29.0,229.0,0,1
36.5,493.0,0,50.0,320.0,0,1
47.1,726.0,1,36.0,346.0,1,0
51.3,530.0,1,45.0,298.0,1,0
26.7,499.0,1,50.0,314.0,1,1
25.7,585.0,0,33.0,365.0,0,0
46.4,533.0,1,48.0,304.0,1,0
19.1,626.0,0,41.0,209.0,0,1
64.4,492.0,1,44.0,565.0,1,0
28.3,735.0,2,46.0,392.0,1,0
35.5,482.0,1,70.0,470.0,1,1
24.9,592.0,2,32.0,222.0,1,1
7.9,605.0,1,21.0,394.0,1,1
46.9,622.0,2,51.0,378.0,0,0
25.9,595.0,2,36.0,316.0,0,1
33.3,599.0,2,44.0,557.0,1,1
25.9,594.0,3,26.0,244.0,0,1
61.3,718.0,0,65.0,256.0,1,0
17.9,589.0,0,50.0,200.0,0,0
35.1,687.0,2,58.0,358.0,0,0
33.6,534.0,4,26.0,249.0,1,1
31.0,600.0,1,25.0,540.0,1,1
34.0,588.0,1,55.0,407.0,0,0
38.4,690.0,0,21.0,245.0,0,0
22.6,547.0,0,42.0,244.0,0,1
28.5,538.0,2,45.0,368.0,1,1
22.5,586.0,2,30.0,275.0,1,1
39.6,598.0,1,37.0,308.0,0,0
22.0,411.0,0,54.0,173.0,0,1
8.6,523.0,0,32.0,401.0,0,1
42.8,700.0,0,47.0,190.0,0,0
13.6,577.0,0,59.0,20.0,0,1
36.2,578.0,0,46.0,404.0,0,0
42.8,651.0,0,43.0,262.0,1,0
44.3,649.0,2,47.0,458.0,1,1
31.2,757.0,1,35.0,393.0,1,0
45.5,657.0,2,46.0,255.0,1,0
15.0,560.0,3,34.0,180.0,1,1
48.8,605.0,2,43.0,456.0,1,0
63.4,670.0,1,55.0,370.0,1,0
53.3,687.0,0,42.0,276.0,1,0
6.8,519.0,1,25.0,355.0,0,1
17.7,660.0,2,58.0,503.0,0,1
26.0,759.0,2,37.0,186.0,0,0
33.1,584.0,1,36.0,173.0,0,0
26.9,601.0,2,31.0,376.0,0,0
22.8,517.0,1,24.0,274.0,0,0
34.3,504.0,1,42.0,444.0,0,1
57.5,601.0,2,32.0,327.0,1,0
25.6,671.0,0,32.0,392.0,0,1
50.9,573.0,1,21.0,225.0,1,0
3.5,700.0,1,38.0,301.0,0,0
25.9,682.0,4,28.0,285.0,1,1
24.6,567.0,1,48.0,257.0,0,1
32.7,666.0,1,34.0,365.0,1,1
45.0,588.0,1,51.0,455.0,1,0
38.6,608.0,0,26.0,283.0,0,1
47.6,697.0,0,30.0,297.0,1,0
30.7,819.0,4,37.0,590.0,1,1
12.0,474.0,0,37.0,338.0,0,1
48.4,570.0,0,21.0,451.0,1,1
8.7,704.0,0,51.0,298.0,0,0
34.9,578.0,1,33.0,265.0,0,0
26.0,561.0,1,21.0,435.0,0,1
22.4,750.0,0,34.0,285.0,1,0
44.3,595.0,2,50.0,216.0,1,0
28.0,671.0,0,21.0,352.0,0,0
27.6,572.0,2,50.0,181.0,0,0
38.7,460.0,0,41.0,291.0,1,1
32.4,554.0,0,36.0,299.0,0,0
37.7,662.0,0,35.0,373.0,0,0
47.4,617.0,0,43.0,125.0,1,0
38.6,528.0,1,44.0,345.0,0,0
39.3,786.0,0,46.0,270.0,1,0
64.3,611.0,4,28.0,233.0,1,0
34.0,510.0,0,36.0,332.0,0,1
22.3,717.0,1,42.0,406.0,0,0
23.6,682.0,0,49.0,414.0,1,1
43.1,550.0,2,54.0,87.0,1,0
20.4,659.0,0,38.0,259.0,1,0
17.8,671.0,0,69.0,430.0,0,0
30.5,642.0,0,32.0,349.0,0,0
30.9,612.0,0,44.0,433.0,1,0
18.2,441.0,1,42.0,239.0,0,1
27.6,571.0,0,32.0,302.0,0,0
41.1,595.0,3,52.0,397.0,1,1
36.9,547.0,0,47.0,317.0,1,1
24.0,568.0,3,60.0,358.0,0,0
37.0,663.0,0,21.0,348.0,0,0
31.6,555.0,3,37.0,77.0,0,0
25.7,447.0,0,36.0,310.0,0,1
77.0,544.0,0,41.0,313.0,1,0
42.9,552.0,1,56.0,395.0,1,1
57.0,585.0,1,40.0,305.0,1,0
31.6,490.0,1,37.0,298.0,1,1
13.7,572.0,2,31.0,368.0,0,1
19.7,521.0,1,24.0,219.0,0,1
36.0,670.0,2,24.0,378.0,1,0
22.8,583.0,0,51.0,231.0,0,0
42.0,649.0,0,50.0,369.0,0,0
38.2,625.0,1,39.0,586.0,1,1
32.8,484.0,1,21.0,193.0,0,1
27.5,596.0,1,44.0,296.0,0,0
23.4,750.0,0,21.0,110.0,0,0
40.6,455.0,1,45.0,235.0,1,1
46.0,685.0,0,50.0,411.0,0,0
28.5,609.0,2,39.0,405.0,1,1
51.5,464.0,2,48.0,502.0,1,1
17.2,652.0,1,28.0,356.0,0,1
33.1,690.0,1,23.0,367.0,1,0
40.1,595.0,0,30.0,210.0,1,0
31.4,628.0,2,32.0,287.0,0,0
43.6,764.0,1,37.0,231.0,0,0
27.5,546.0,1,58.0,157.0,0,0
19.1,765.0,0,35.0,326.0,0,1
34.8,748.0,3,21.0,284.0,0,0
34.5,481.0,0,34.0,304.0,1,1
43.6,611.0,1,36.0,214.0,1,0
38.3,606.0,1,38.0,309.0,1,1
7.6,716.0,1,45.0,127.0,0,0
47.6,705.0,2,36.0,433.0,1,0
48.8,736.0,2,38.0,91.0,1,0
37.7,454.0,1,32.0,263.0,0,0
67.0,724.0,1,26.0,362.0,1,0
15.5,651.0,1,38.0,306.0,0,0
33.4,435.0,1,36.0,99.0,0,1
32.3,718.0,0,29.0,245.0,0,0
23.6,500.0,0,26.0,127.0,0,1
46.0,670.0,1,65.0,339.0,1,0
47.5,547.0,1,47.0,35.0,1,0
21.7,581.0,1,38.0,265.0,1,0
43.7,640.0,0,34.0,483.0,1,0
26.2,581.0,1,55.0,211.0,1,1
21.2,469.0,2,27.0,315.0,0,1
13.4,628.0,1,39.0,185.0,1,1
23.0,496.0,1,36.0,206.0,0,1
36.9,649.0,3,36.0,164.0,1,0
48.2,487.0,0,29.0,553.0,1,0
40.0,613.0,0,39.0,470.0,1,0
16.9,633.0,1,37.0,390.0,1,0
52.9,781.0,0,21.0,287.0,1,0
26.8,426.0,1,31.0,64.0,0,1
33.1,628.0,1,24.0,200.0,0,0
54.5,487.0,0,52.0,539.0,1,0
61.3,643.0,1,40.0,220.0,1,0
48.6,590.0,1,48.0,417.0,0,0
27.2,669.0,0,34.0,204.0,0,0
44.7,727.0,0,48.0,420.0,1,0
23.8,570.0,0,46.0,353.0,1,1
55.9,599.0,0,23.0,443.0,1,0
22.2,681.0,0,43.0,268.0,1,0
9.0,552.0,0,43.0,498.0,0,1
36.7,636.0,2,31.0,296.0,0,0
22.5,675.0,0,44.0,509.0,0,0
36.2,503.0,1,29.0,444.0,0,0
32.3,463.0,0,42.0,267.0,0,0
10.9,616.0,0,40.0,250.0,0,1
5.0,679.0,0,59.0,190.0,1,0
23.6,465.0,2,56.0,417.0,1,1
28.2,644.0,0,31.0,330.0,0,0
15.2,567.0,1,48.0,538.0,0,1
21.1,585.0,2,56.0,344.0,0,0
12.7,693.0,1,21.0,426.0,0,0
42.5,613.0,2,38.0,86.0,1,0
41.4,523.0,1,31.0,360.0,1,0
22.9,599.0,3,33.0,237.0,0,0
42.7,579.0,2,36.0,445.0,0,1
62.5,575.0,1,47.0,386.0,1,0
33.9,706.0,3,49.0,285.0,0,0
13.0,541.0,1,52.0,366.0,1,1
23.4,529.0,2,33.0,156.0,1,1
32.3,623.0,0,46.0,251.0,0,1
21.4,658.0,2,35.0,321.0,0,1
32.7,588.0,2,41.0,240.0,1,0
53.5,489.0,2,21.0,538.0,1,1
33.4,610.0,0,41.0,479.0,0,0
59.7,818.0,0,34.0,462.0,1,0
23.5,651.0,0,51.0,316.0,0,0
42.4,450.0,2,50.0,571.0,0,0
31.7,514.0,0,47.0,427.0,1,1
62.5,608.0,0,41.0,382.0,1,0
29.1,649.0,0,42.0,276.0,0,0
19.0,537.0,1,33.0,289.0,0,1
15.5,795.0,1,51.0,276.0,1,1
24.8,648.0,2,51.0,298.0,0,0
25.3,630.0,0,36.0,240.0,0,0
37.0,713.0,1,45.0,475.0,0,0
38.3,622.0,2,31.0,236.0,1,1
33.5,423.0,1,49.0,278.0,1,1
56.2,565.0,3,48.0,301.0,1,1
25.6,542.0,3,35.0,368.0,0,1
31.4,570.0,2,62.0,391.0,1,1
48.6,610.0,0,36.0,325.0,1,0
22.9,662.0,0,26.0,267.0,0,1
34.9,530.0,0,53.0,431.0,0,1
31.0,531.0,0,41.0,162.0,1,1
36.7,593.0,2,49.0,308.0,1,1
42.3,652.0,0,49.0,109.0,1,0
34.4,650.0,0,48.0,397.0,1,0
27.9,654.0,0,23.0,294.0,0,0
52.2,700.0,0,34.0,309.0,1,1
46.2,568.0,0,28.0,299.0,1,1
33.1,701.0,2,55.0,279.0,0,0
21.3,630.0,1,31.0,396.0,0,0
52.8,614.0,1,57.0,502.0,1,0
50.0,762.0,0,46.0,267.0,1,0
55.1,571.0,0,23.0,237.0,1,0
29.1,531.0,1,40.0,356.0,1,0
37.4,732.0,1,34.0,421.0,1,0
34.7,596.0,2,35.0,177.0,0,1
21.6,699.0,0,42.0,262.0,0,0
36.6,636.0,0,33.0,559.0,1,1
48.2,442.0,1,23.0,322.0,0,1
69.3,625.0,4,45.0,336.0,1,1
41.0,656.0,3,36.0,86.0,0,0
54.1,593.0,1,27.0,328.0,1,1
24.7,656.0,2,53.0,370.0,1,1
33.4,707.0,0,36.0,404.0,0,0
34.6,732.0,2,33.0,281.0,1,0
24.1,671.0,0,41.0,81.0,1,0
32.4,524.0,0,31.0,426.0,1,0
41.7,611.0,1,45.0,212.0,1,0
31.8,536.0,1,35.0,327.0,1,0
31.7,559.0,0,27.0,275.0,1,1
36.3,557.0,0,24.0,435.0,0,0
29.5,595.0,0,34.0,237.0,0,1
43.5,620.0,0,34.0,401.0,1,0
41.7,788.0,0,46.0,245.0,1,0
20.9,622.0,0,40.0,326.0,0,0
13.6,760.0,2,46.0,258.0,0,1
31.3,599.0,1,35.0,252.0,0,0
22.7,669.0,1,51.0,257.0,0,0
9.8,568.0,0,40.0,364.0,1,1
34.1,603.0,0,42.0,428.0,1,0
16.5,536.0,2,30.0,344.0,0,0
35.3,662.0,1,43.0,226.0,0,0
33.5,530.0,1,22.0,386.0,0,0
33.2,573.0,1,35.0,583.0,0,0
30.0,620.0,1,29.0,395.0,1,0
35.7,639.0,0,54.0,287.0,0,0
31.4,647.0,0,35.0,288.0,0,1
23.7,557.0,0,40.0,419.0,0,1
33.2,478.0,0,46.0,401.0,1,1
53.4,397.0,1,32.0,275.0,1,0
32.9,520.0,0,21.0,307.0,1,1
31.2,541.0,0,48.0,321.0,0,0
55.5,538.0,2,21.0,417.0,1,1
68.6,524.0,0,50.0,270.0,1,0
45.5,641.0,1,43.0,239.0,0,0
53.5,575.0,0,33.0,325.0,1,0
12.2,588.0,1,33.0,253.0,0,0
29.7,529.0,0,29.0,381.0,1,1
31.8,747.0,1,38.0,522.0,1,0
45.4,575.0,0,32.0,365.0,0,1
20.7,388.0,2,44.0,560.0,0,1
45.8,530.0,0,41.0,252.0,1,0
41.5,480.0,1,30.0,174.0,1,0
18.2,474.0,2,31.0,235.0,0,1
45.7,642.0,4,29.0,285.0,1,0
32.2,814.0,1,43.0,196.0,0,0
14.8,491.0,2,65.0,211.0,0,1
40.8,562.0,1,39.0,506.0,0,0
8.7,529.0,2,43.0,258.0,1,1
31.1,405.0,2,35.0,460.0,1,1
54.6,703.0,1,22.0,224.0,1,0
22.1,514.0,3,26.0,429.0,1,1
45.3,669.0,1,28.0,319.0,1,0
14.4,719.0,1,47.0,402.0,0,0
38.6,589.0,0,46.0,335.0,1,0
3.7,505.0,0,43.0,466.0,0,1
19.2,352.0,1,29.0,430.0,0,1
16.9,659.0,2,31.0,70.0,1,1
23.8,793.0,0,47.0,223.0,0,0
33.8,559.0,1,49.0,222.0,1,0
20.9,642.0,0,41.0,370.0,0,0
36.4,565.0,1,45.0,284.0,0,0
18.7,545.0,0,54.0,340.0,0,0
49.5,738.0,1,47.0,172.0,1,0
64.4,615.0,1,55.0,439.0,1,0
42.1,601.0,2,36.0,275.0,1,1
27.1,612.0,1,33.0,420.0,1,1
14.9,611.0,2,49.0,357.0,0,0
29.4,455.0,0,38.0,205.0,1,0
50.6,585.0,2,35.0,192.0,1,1
29.6,755.0,0,61.0,114.0,0,0
37.8,672.0,2,39.0,157.0,0,0
51.6,549.0,0,27.0,306.0,1,1
29.5,617.0,0,34.0,271.0,0,1
47.1,713.0,1,28.0,339.0,1,0
47.5,630.0,2,26.0,370.0,0,0
61.2,825.0,0,35.0,299.0,1,0
24.8,630.0,2,36.0,528.0,0,1
54.8,622.0,0,44.0,481.0,1,0
34.2,503.0,1,53.0,428.0,0,0
57.0,450.0,0,32.0,20.0,1,0
50.1,693.0,2,21.0,121.0,1,0
25.4,564.0,3,42.0,630.0,1,1
15.7,531.0,1,21.0,489.0,1,1
48.6,651.0,0,36.0,314.0,1,1
68.5,545.0,0,31.0,333.0,1,1
19.9,664.0,1,36.0,224.0,0,0
37.2,622.0,1,34.0,99.0,1,1
17.1,544.0,1,38.0,219.0,0,1
57.7,623.0,0,43.0,427.0,1,0
3.8,467.0,3,26.0,100.0,0,1
6.0,640.0,0,21.0,423.0,1,0
31.9,554.0,1,41.0,399.0,0,0
38.8,597.0,0,43.0,261.0,1,0
23.0,711.0,0,35.0,233.0,0,0
35.5,603.0,2,30.0,198.0,1,1
33.6,541.0,0,34.0,153.0,0,0
23.7,689.0,2,48.0,218.0,0,0
16.5,596.0,1,58.0,412.0,0,1
26.1,708.0,1,39.0,290.0,1,0
37.3,533.0,3,41.0,227.0,0,1
32.1,573.0,0,49.0,232.0,1,0
19.2,512.0,1,33.0,439.0,1,1
41.5,481.0,0,30.0,97.0,1,1
47.6,615.0,1,51.0,400.0,1,0
42.0,544.0,0,39.0,481.0,0,0
43.3,533.0,1,23.0,529.0,1,1
21.1,612.0,0,37.0,470.0,0,1
47.1,505.0,1,25.0,380.0,1,0
35.6,593.0,1,36.0,274.0,0,0
39.4,553.0,3,40.0,276.0,1,1
39.3,765.0,0,40.0,404.0,1,0
30.7,525.0,1,40.0,274.0,0,0
39.0,478.0,0,33.0,213.0,1,1
43.8,550.0,0,40.0,405.0,1,0
24.7,614.0,3,36.0,430.0,1,1
22.7,521.0,3,31.0,177.0,1,1
27.5,550.0,0,26.0,240.0,1,0
49.6,485.0,3,35.0,307.0,1,1
43.9,524.0,1,22.0,322.0,1,0
55.6,631.0,1,49.0,398.0,1,1
26.0,680.0,1,26.0,398.0,0,1
22.8,636.0,1,49.0,197.0,1,0
40.0,687.0,2,28.0,278.0,0,0
39.7,593.0,1,38.0,418.0,1,1
41.5,658.0,1,35.0,86.0,0,0
34.3,636.0,1,43.0,249.0,0,0
51.0,598.0,2,36.0,448.0,0,0
36.7,381.0,0,40.0,422.0,1,1
53.5,585.0,4,31.0,323.0,1,0
37.4,683.0,2,38.0,185.0,0,0
31.7,528.0,0,33.0,307.0,1,1
37.4,764.0,2,30.0,372.0,1,0
12.7,674.0,1,36.0,167.0,0,1
16.8,737.0,1,24.0,175.0,1,0
29.3,759.0,1,35.0,96.0,0,0
36.3,411.0,1,41.0,328.0,0,0
49.6,686.0,1,27.0,463.0,1,1
31.6,622.0,1,58.0,316.0,0,0
52.9,706.0,2,47.0,485.0,1,1
31.2,688.0,1,51.0,306.0,1,1
35.9,548.0,1,36.0,340.0,1,1
51.1,511.0,1,37.0,259.0,1,0
32.5,511.0,0,32.0,307.0,0,1
36.8,615.0,1,27.0,330.0,1,1
59.8,516.0,1,46.0,321.0,1,0
20.6,514.0,0,26.0,304.0,1,0
22.6,545.0,3,29.0,384.0,0,1
25.0,629.0,0,26.0,481.0,0,0
52.2,528.0,0,21.0,246.0,1,1
40.0,694.0,1,33.0,248.0,1,0
21.1,530.0,1,29.0,456.0,1,0
47.7,723.0,0,50.0,406.0,1,0
56.3,508.0,1,48.0,381.0,1,1
35.8,582.0,1,43.0,388.0,0,0
49.3,609.0,0,42.0,93.0,1,0
8.3,513.0,0,45.0,475.0,0,1
18.6,534.0,2,34.0,405.0,0,1
47.2,622.0,0,33.0,223.0,1,0
27.4,558.0,0,37.0,179.0,0,1
47.8,549.0,0,58.0,245.0,1,0
14.7,562.0,0,27.0,210.0,0,0
27.4,616.0,2,42.0,245.0,0,1
19.2,524.0,1,41.0,301.0,1,1
7.5,750.0,1,26.0,336.0,0,0
44.4,430.0,0,41.0,229.0,1,0
52.6,604.0,0,27.0,422.0,1,0
43.7,587.0,0,46.0,277.0,1,0
39.5,568.0,2,34.0,57.0,1,0
16.6,474.0,1,50.0,419.0,1,1
55.1,656.0,1,36.0,102.0,1,0
27.5,450.0,3,34.0,265.0,0,1
48.6,647.0,1,31.0,243.0,0,0
54.1,591.0,1,41.0,406.0,1,0
6.9,551.0,1,42.0,545.0,0,1
35.9,485.0,1,33.0,276.0,0,1
19.1,535.0,0,33.0,254.0,1,0
20.0,388.0,0,50.0,321.0,0,1
36.2,656.0,1,25.0,115.0,1,0
38.6,612.0,1,46.0,392.0,1,1
32.2,646.0,4,37.0,328.0,0,1
24.7,492.0,0,42.0,316.0,1,0
22.7,546.0,1,49.0,52.0,1,1
49.0,654.0,2,36.0,247.0,1,1
39.8,621.0,1,32.0,265.0,1,0
29.8,699.0,0,32.0,389.0,0,0
7.1,638.0,1,48.0,364.0,1,1
26.1,630.0,1,46.0,310.0,0,0
26.6,613.0,3,49.0,404.0,1,1
18.3,727.0,0,48.0,314.0,0,0
37.7,557.0,1,42.0,352.0,0,0
23.6,542.0,1,35.0,347.0,1,1
16.5,601.0,0,58.0,355.0,0,1
35.0,597.0,1,36.0,376.0,1,1
46.8,578.0,0,63.0,224.0,1,1
18.7,679.0,1,37.0,263.0,0,1
41.0,635.0,0,47.0,356.0,0,0
43.2,555.0,2,36.0,285.0,0,0
18.7,794.0,0,26.0,442.0,0,0
36.3,549.0,4,46.0,291.0,1,1
19.8,653.0,1,36.0,358.0,0,1
14.7,523.0,0,43.0,304.0,1,1
31.2,551.0,0,32.0,252.0,0,0
35.7,568.0,4,43.0,268.0,0,0
70.2,767.0,3,31.0,341.0,1,0
18.6,610.0,3,44.0,368.0,0,1
60.0,617.0,0,54.0,182.0,1,0
42.1,471.0,0,46.0,364.0,0,0
30.1,621.0,4,31.0,397.0,0,1
49.0,507.0,0,34.0,209.0,1,1
53.1,539.0,0,51.0,342.0,1,0
69.6,640.0,3,33.0,437.0,1,1
47.2,558.0,0,38.0,391.0,1,1
39.1,736.0,1,35.0,358.0,1,0
27.0,716.0,1,32.0,366.0,1,1
44.6,617.0,0,49.0,267.0,1,0
38.8,607.0,0,40.0,235.0,0,0
43.7,584.0,0,38.0,171.0,1,0
19.8,629.0,2,41.0,594.0,0,1
28.9,642.0,3,47.0,241.0,0,1
38.1,577.0,0,32.0,190.0,1,1
30.8,495.0,1,21.0,427.0,0,1
10.6,623.0,0,31.0,378.0,0,1
48.3,616.0,0,32.0,167.0,1,1
34.3,539.0,1,41.0,345.0,0,0
46.7,595.0,0,52.0,442.0,1,0
28.0,526.0,2,21.0,425.0,0,0
9.0,654.0,0,36.0,278.0,0,0
39.7,614.0,0,35.0,337.0,1,0
39.1,617.0,1,64.0,486.0,0,1
19.0,665.0,1,21.0,261.0,0,0
10.2,797.0,0,32.0,341.0,1,1
16.9,604.0,0,37.0,208.0,1,1
31.3,653.0,0,31.0,347.0,0,0
31.9,698.0,2,38.0,229.0,0,0
53.3,592.0,0,49.0,675.0,1,0
27.4,681.0,0,23.0,292.0,0,0
17.5,713.0,1,33.0,335.0,1,0
27.7,601.0,0,36.0,406.0,1,0
36.6,850.0,0,26.0,133.0,0,0
42.1,443.0,1,39.0,51.0,1,1
49.7,530.0,2,36.0,542.0,1,1
32.6,495.0,1,43.0,362.0,0,1
36.9,703.0,1,56.0,326.0,1,1
26.2,625.0,0,24.0,245.0,0,0
47.5,533.0,1,38.0,212.0,0,0
32.4,672.0,0,37.0,291.0,0,1
38.1,574.0,1,37.0,333.0,1,1
32.8,837.0,0,40.0,293.0,0,0
30.3,555.0,1,28.0,393.0,0,0
5.3,698.0,2,41.0,281.0,0,1
34.8,509.0,0,36.0,233.0,0,0
67.3,649.0,1,48.0,343.0,1,0
28.3,560.0,1,26.0,343.0,1,1
43.3,483.0,3,39.0,511.0,0,1
36.1,415.0,1,39.0,347.0,1,1
44.4,574.0,0,49.0,334.0,1,0
56.1,688.0,0,33.0,119.0,1,0
20.4,604.0,2,54.0,316.0,0,1
58.6,473.0,1,29.0,163.0,1,0
21.8,727.0,0,39.0,92.0,1,0
26.9,638.0,1,21.0,168.0,1,1
31.1,670.0,0,48.0,193.0,1,0
49.9,640.0,1,40.0,421.0,1,1
24.4,828.0,1,46.0,353.0,0,0
17.2,616.0,1,31.0,277.0,1,1
36.8,528.0,1,33.0,361.0,1,0
19.8,697.0,0,49.0,446.0,0,0
35.7,404.0,1,46.0,232.0,0,0
24.4,626.0,0,48.0,427.0,0,0
28.7,566.0,0,26.0,293.0,0,0
33.9,715.0,0,38.0,344.0,1,0
46.5,604.0,2,41.0,293.0,1,1
37.2,532.0,0,31.0,519.0,1,1
44.9,613.0,2,28.0,336.0,1,1
5.0,482.0,1,49.0,423.0,1,1
29.0,766.0,2,32.0,59.0,0,0
46.2,579.0,0,43.0,306.0,1,0
25.9,662.0,1,42.0,347.0,0,1
35.0,543.0,1,36.0,327.0,0,0
35.8,640.0,2,45.0,438.0,0,1
59.6,592.0,1,28.0,398.0,1,1
41.6,773.0,1,37.0,311.0,1,0
7.9,468.0,2,44.0,134.0,0,1
4.0,563.0,2,42.0,125.0,0,1
11.2,554.0,0,21.0,154.0,0,0
27.6,489.0,1,29.0,189.0,0,1
26.3,588.0,0,34.0,319.0,0,0
30.9,677.0,1,38.0,177.0,0,0
30.6,535.0,0,21.0,732.0,1,1
20.3,599.0,1,47.0,372.0,0,1
33.8,641.0,1,33.0,368.0,0,0
34.9,649.0,1,29.0,379.0,0,0
25.3,553.0,0,30.0,188.0,0,0
27.6,383.0,0,42.0,320.0,0,1
46.1,560.0,0,38.0,469.0,1,0
33.3,786.0,0,32.0,53.0,0,0
22.8,515.0,0,22.0,410.0,1,1
20.4,505.0,2,32.0,301.0,0,0
15.1,618.0,2,30.0,296.0,0,1
32.4,601.0,3,42.0,317.0,1,1
36.5,538.0,1,21.0,272.0,0,0
48.2,599.0,0,43.0,416.0,1,0
23.5,585.0,0,46.0,423.0,1,1
47.7,634.0,2,25.0,176.0,1,0
41.3,640.0,0,21.0,518.0,1,0
32.6,503.0,0,43.0,268.0,1,0
18.9,663.0,1,60.0,360.0,1,1
26.2,580.0,1,37.0,195.0,0,0
50.2,543.0,1,37.0,208.0,1,1
5.3,694.0,2,45.0,416.0,0,1
23.8,598.0,3,25.0,327.0,0,0
73.8,568.0,1,31.0,334.0,1,0
50.1,576.0,1,39.0,188.0,1,1
43.9,648.0,0,21.0,355.0,1,0
20.3,616.0,2,38.0,365.0,0,1
29.8,661.0,1,60.0,301.0,1,0
38.8,436.0,0,35.0,396.0,1,1
44.8,702.0,0,34.0,255.0,0,0
47.0,592.0,1,44.0,461.0,1,1
18.8,650.0,1,41.0,92.0,0,1
57.7,726.0,0,35.0,289.0,1,0
24.9,723.0,1,45.0,282.0,0,1
65.5,476.0,2,22.0,373.0,1,0
22.1,691.0,0,54.0,257.0,0,0
25.0,624.0,2,25.0,439.0,1,1
42.6,693.0,2,35.0,338.0,1,0
38.3,458.0,1,21.0,408.0,0,0
55.6,511.0,2,41.0,433.0,1,1
42.4,623.0,2,40.0,340.0,1,1
17.6,519.0,1,21.0,213.0,0,1
22.7,565.0,3,48.0,304.0,0,1
9.7,727.0,2,48.0,218.0,1,1
18.4,801.0,0,25.0,168.0,0,0
37.3,583.0,0,46.0,396.0,1,0
45.8,686.0,1,55.0,274.0,1,0
24.4,615.0,0,43.0,219.0,0,0
27.4,685.0,0,47.0,218.0,0,0
34.1,648.0,1,38.0,183.0,1,1
35.9,489.0,1,39.0,379.0,0,1
26.5,716.0,1,39.0,276.0,1,0
36.8,523.0,2,30.0,231.0,0,0
69.4,483.0,1,39.0,332.0,1,0
47.1,708.0,1,32.0,339.0,1,0
32.1,570.0,0,31.0,296.0,1,1
32.0,676.0,1,32.0,521.0,1,0
58.1,649.0,2,39.0,202.0,1,0
23.1,513.0,0,35.0,367.0,1,1
25.7,456.0,0,30.0,344.0,1,1
15.8,758.0,2,45.0,193.0,0,0
14.6,662.0,1,38.0,287.0,0,1
17.0,732.0,0,30.0,418.0,0,0
51.8,584.0,0,40.0,73.0,1,0
39.6,712.0,0,54.0,400.0,0,0
20.7,754.0,1,54.0,443.0,0,0
30.2,578.0,0,35.0,85.0,0,0
36.0,576.0,1,42.0,398.0,0,0
41.5,608.0,2,21.0,440.0,1,1
25.7,597.0,1,41.0,223.0,1,1
12.6,361.0,0,44.0,472.0,0,1
55.2,514.0,2,30.0,528.0,1,0
47.4,625.0,2,46.0,474.0,1,0
48.7,626.0,1,43.0,364.0,1,0
23.4,623.0,0,39.0,288.0,1,1
43.5,573.0,3,22.0,328.0,1,1
34.6,417.0,3,49.0,294.0,0,1
44.7,611.0,0,36.0,333.0,1,0
20.2,619.0,0,22.0,258.0,0,1
55.2,518.0,1,49.0,384.0,1,0
12.0,632.0,2,39.0,399.0,0,1
37.8,623.0,1,45.0,365.0,0,0
56.2,551.0,0,36.0,271.0,1,0
44.5,589.0,1,40.0,273.0,0,0
34.9,675.0,0,51.0,380.0,1,0
17.5,626.0,2,30.0,190.0,0,0
36.3,516.0,0,42.0,292.0,0,0
29.5,741.0,0,39.0,340.0,1,0
28.5,705.0,1,37.0,298.0,0,0
35.2,526.0,1,41.0,188.0,1,1
18.5,535.0,1,36.0,283.0,0,1
44.8,543.0,0,49.0,279.0,1,0
13.4,653.0,0,28.0,121.0,0,1
34.2,661.0,1,25.0,198.0,0,0
25.5,653.0,3,36.0,228.0,1,1
14.0,664.0,0,49.0,162.0,1,0
27.5,484.0,1,33.0,174.0,0,1
46.5,550.0,1,38.0,409.0,1,1
34.1,428.0,2,28.0,198.0,0,0
36.6,675.0,1,28.0,195.0,0,0
3.5,691.0,3,44.0,202.0,0,1
24.9,699.0,1,40.0,564.0,1,1
41.6,564.0,0,47.0,371.0,1,0
62.8,630.0,1,46.0,393.0,1,0
36.2,635.0,2,23.0,193.0,0,0
48.0,737.0,0,33.0,134.0,0,0
22.5,428.0,0,29.0,160.0,0,0
44.1,667.0,0,28.0,455.0,1,0
16.5,570.0,2,33.0,345.0,0,1
33.9,568.0,1,53.0,315.0,1,1
29.0,657.0,1,47.0,505.0,1,1
30.5,639.0,0,39.0,285.0,1,1
34.1,524.0,1,37.0,545.0,1,1
40.0,647.0,0,43.0,329.0,1,0
28.2,636.0,1,38.0,371.0,0,0
33.7,749.0,0,29.0,379.0,0,0
29.5,622.0,1,21.0,450.0,0,1
24.4,671.0,1,21.0,405.0,0,1
32.2,467.0,2,39.0,309.0,1,1
35.4,559.0,1,36.0,495.0,1,1
33.3,512.0,2,31.0,325.0,1,1
33.2,595.0,1,52.0,199.0,0,1
37.1,754.0,2,38.0,343.0,0,0
59.1,445.0,0,32.0,212.0,1,0
19.6,572.0,2,39.0,526.0,0,1
32.9,596.0,0,56.0,153.0,0,0
13.4,554.0,2,49.0,387.0,0,1
45.6,725.0,0,38.0,474.0,1,0
39.4,701.0,2,42.0,111.0,0,0
37.8,691.0,1,49.0,407.0,1,0
39.3,573.0,1,30.0,279.0,0,0
22.9,591.0,0,40.0,370.0,1,1
18.7,647.0,0,46.0,167.0,0,0
26.6,613.0,2,41.0,428.0,0,0
55.3,526.0,0,46.0,510.0,1,1
33.7,667.0,2,34.0,292.0,1,0
33.2,410.0,2,34.0,266.0,1,1
17.6,697.0,1,45.0,315.0,0,0
43.0,756.0,2,44.0,513.0,1,0
41.1,632.0,1,50.0,131.0,0,0
50.5,679.0,0,23.0,463.0,1,0
35.3,597.0,1,30.0,86.0,0,0
25.8,507.0,2,42.0,231.0,0,0
22.1,721.0,1,24.0,521.0,0,0
50.2,521.0,1,41.0,484.0,1,1
27.7,799.0,2,23.0,576.0,0,0
37.4,568.0,2,60.0,374.0,1,1
37.4,606.0,0,44.0,370.0,0,0
25.9,601.0,0,29.0,300.0,0,0
19.2,637.0,2,40.0,128.0,0,0
37.5,548.0,3,33.0,260.0,0,0
41.2,570.0,0,28.0,387.0,1,1
17.1,709.0,1,42.0,293.0,0,1
16.3,471.0,1,27.0,320.0,0,1
41.4,539.0,0,22.0,211.0,1,1
52.5,520.0,3,41.0,185.0,0,0
34.1,590.0,1,40.0,469.0,1,0
35.0,606.0,0,35.0,549.0,1,0
44.0,581.0,2,24.0,209.0,0,0
27.4,626.0,1,32.0,307.0,0,1
18.3,686.0,0,46.0,181.0,1,0
16.4,672.0,0,57.0,437.0,1,0
58.4,585.0,0,48.0,549.0,1,0
50.0,621.0,1,35.0,350.0,1,0
52.4,522.0,1,28.0,241.0,1,0
39.1,719.0,1,49.0,405.0,1,0
29.1,616.0,0,41.0,561.0,1,1
36.7,380.0,1,26.0,259.0,1,1
29.4,569.0,3,46.0,438.0,0,1
27.4,518.0,2,37.0,347.0,1,1
33.9,689.0,0,27.0,269.0,0,0
14.8,547.0,2,40.0,284.0,0,1
35.0,539.0,1,28.0,343.0,1,0
36.9,555.0,1,54.0,277.0,1,0
20.7,442.0,1,55.0,167.0,0,1
4.8,468.0,2,55.0,305.0,0,1
46.7,648.0,2,42.0,102.0,1,0
28.7,528.0,2,33.0,168.0,1,0
59.9,705.0,0,46.0,245.0,1,0
34.9,506.0,1,23.0,412.0,1,0
22.3,606.0,2,46.0,187.0,0,0
29.0,570.0,1,37.0,570.0,0,0
39.1,497.0,1,40.0,73.0,0,0
22.1,613.0,0,51.0,169.0,0,0
38.7,542.0,0,25.0,116.0,0,0
43.1,601.0,1,43.0,417.0,0,0
38.4,639.0,0,26.0,20.0,0,0
64.4,520.0,0,21.0,372.0,1,0
59.4,822.0,0,37.0,249.0,1,0
62.7,547.0,1,37.0,533.0,1,0
64.1,671.0,0,43.0,342.0,1,0
30.2,593.0,0,38.0,277.0,0,1
23.5,608.0,0,45.0,402.0,0,1
6.1,616.0,3,60.0,193.0,1,1
14.1,536.0,0,40.0,292.0,0,1
23.3,596.0,0,50.0,192.0,0,0
24.0,602.0,1,39.0,99.0,0,0
26.4,615.0,0,34.0,538.0,0,1
25.0,566.0,1,28.0,350.0,1,1
16.1,597.0,0,42.0,387.0,1,1
38.0,485.0,1,40.0,340.0,1,0
37.2,574.0,0,26.0,354.0,1,0
19.5,546.0,1,39.0,347.0,0,1
28.9,604.0,0,47.0,253.0,1,0
18.1,634.0,0,24.0,222.0,0,0
34.1,601.0,3,52.0,279.0,1,0
19.0,759.0,1,27.0,241.0,0,0
58.9,478.0,0,39.0,186.0,1,0
30.5,707.0,2,28.0,364.0,0,1
17.8,644.0,2,39.0,161.0,0,0
25.1,600.0,0,23.0,206.0,0,0
15.6,430.0,0,36.0,195.0,0,1
38.6,641.0,2,37.0,210.0,0,0
42.5,566.0,2,47.0,330.0,0,0
41.1,621.0,1,33.0,205.0,0,0
16.0,473.0,1,36.0,408.0,0,1
27.0,547.0,0,45.0,221.0,0,0
34.0,590.0,2,21.0,325.0,1,1
48.4,724.0,0,46.0,313.0,1,0
24.9,562.0,0,38.0,259.0,1,0
29.9,428.0,1,47.0,340.0,1,1
33.8,625.0,1,36.0,233.0,1,0
29.6,735.0,1,39.0,217.0,0,0
50.4,573.0,3,46.0,377.0,1,0
35.1,533.0,1,38.0,554.0,1,1
35.0,629.0,0,44.0,277.0,0,0
52.3,473.0,1,35.0,240.0,1,1
36.8,613.0,3,37.0,467.0,1,1
14.9,586.0,2,34.0,151.0,0,1
22.4,577.0,2,26.0,506.0,1,1
48.9,581.0,1,54.0,339.0,1,0
23.0,539.0,0,28.0,483.0,0,1
10.0,554.0,1,22.0,345.0,0,1
34.4,533.0,3,29.0,206.0,0,1
29.4,624.0,1,27.0,247.0,0,0
18.9,606.0,1,33.0,252.0,1,0
57.7,556.0,2,23.0,414.0,1,0
52.5,647.0,2,40.0,276.0,1,0
29.5,643.0,0,66.0,328.0,0,0
20.9,759.0,0,39.0,262.0,1,0
13.3,681.0,1,47.0,470.0,0,1
35.4,598.0,4,28.0,390.0,1,1
10.0,505.0,1,37.0,394.0,0,1
46.1,623.0,0,40.0,274.0,1,0
18.8,493.0,0,56.0,284.0,1,1
29.7,659.0,0,54.0,185.0,0,0
25.0,572.0,1,54.0,135.0,0,1
35.5,710.0,2,47.0,445.0,0,0
25.9,502.0,1,21.0,378.0,1,0
44.1,595.0,0,36.0,304.0,1,1
13.4,619.0,2,32.0,479.0,0,1
36.4,544.0,0,42.0,458.0,0,0
26.8,725.0,1,62.0,208.0,0,0
33.2,850.0,1,38.0,178.0,0,0
20.2,693.0,3,43.0,224.0,1,1
33.2,527.0,0,33.0,453.0,0,0
31.2,502.0,2,60.0,301.0,0,1
45.5,572.0,0,33.0,431.0,1,0
44.7,585.0,0,33.0,447.0,1,0
26.0,559.0,0,44.0,394.0,0,0
58.6,480.0,1,31.0,349.0,1,1
26.4,646.0,1,51.0,515.0,0,1
28.9,556.0,0,46.0,258.0,1,0
39.1,627.0,1,21.0,394.0,1,0
18.0,821.0,0,33.0,130.0,0,0
33.0,431.0,0,45.0,287.0,1,1
26.1,594.0,1,46.0,455.0,0,1
24.0,605.0,1,34.0,330.0,0,1
43.0,600.0,1,36.0,414.0,1,1
69.2,594.0,2,32.0,263.0,1,0
34.0,621.0,1,30.0,256.0,0,0
56.1,497.0,1,27.0,312.0,1,0
32.4,599.0,0,30.0,406.0,1,0
31.2,553.0,2,42.0,277.0,1,1
24.0,502.0,3,26.0,368.0,0,1
52.8,569.0,0,37.0,286.0,1,0
7.8,434.0,0,52.0,258.0,1,1
17.2,366.0,1,44.0,528.0,0,1
41.5,618.0,0,50.0,337.0,1,0
25.6,556.0,1,38.0,236.0,0,1
48.7,619.0,1,46.0,221.0,0,0
32.7,668.0,0,21.0,244.0,0,0
21.0,722.0,1,21.0,411.0,0,0
16.3,663.0,4,33.0,596.0,1,1
24.4,661.0,0,25.0,300.0,0,0
14.3,599.0,1,28.0,499.0,0,0
32.9,721.0,1,39.0,164.0,0,0
42.4,525.0,1,38.0,319.0,1,1
31.4,563.0,1,25.0,321.0,0,0
49.8,480.0,0,43.0,337.0,0,0
18.5,632.0,0,40.0,283.0,0,1
26.0,552.0,0,34.0,337.0,0,0
15.3,635.0,0,31.0,238.0,0,1
27.2,626.0,1,53.0,267.0,0,0
44.7,784.0,2,48.0,432.0,0,0
34.0,517.0,0,41.0,192.0,0,0
26.8,610.0,0,35.0,241.0,0,1
30.6,588.0,2,42.0,403.0,0,0
15.3,723.0,3,43.0,425.0,0,1
23.9,576.0,1,24.0,332.0,0,0
41.3,484.0,0,29.0,296.0,1,0
41.5,451.0,0,44.0,402.0,1,0
11.9,603.0,2,37.0,300.0,0,1
44.9,714.0,2,44.0,415.0,1,0
44.2,587.0,0,32.0,109.0,1,0
34.3,672.0,2,40.0,193.0,1,0
28.0,594.0,1,35.0,580.0,0,1
17.7,533.0,1,28.0,162.0,1,1
17.8,710.0,1,35.0,308.0,1,1
29.4,402.0,0,54.0,189.0,0,1
30.0,552.0,0,38.0,276.0,1,0
39.8,615.0,1,32.0,337.0,1,0
52.6,513.0,3,42.0,327.0,1,1
37.4,628.0,2,40.0,422.0,1,0
3.5,685.0,3,21.0,269.0,0,1
37.7,585.0,2,48.0,133.0,1,0
22.9,571.0,1,35.0,318.0,0,0
36.5,564.0,0,52.0,460.0,1,0
53.5,540.0,0,39.0,202.0,1,0
16.3,590.0,2,39.0,274.0,1,1
43.7,563.0,1,39.0,600.0,1,1
63.6,581.0,0,36.0,311.0,1,0
21.4,835.0,1,44.0,305.0,0,0
33.0,526.0,0,46.0,282.0,0,0
38.1,621.0,3,57.0,249.0,0,0
43.2,612.0,2,31.0,397.0,1,1
20.8,781.0,0,38.0,443.0,0,0
29.4,511.0,0,21.0,336.0,1,0
35.8,596.0,1,24.0,283.0,0,0
34.2,536.0,0,24.0,317.0,0,0
19.7,623.0,0,38.0,295.0,0,1
22.4,691.0,0,28.0,124.0,1,0
14.6,533.0,3,41.0,138.0,0,1
64.9,580.0,2,24.0,308.0,1,0
27.3,676.0,1,29.0,206.0,0,0
75.4,600.0,1,32.0,188.0,1,0
48.3,605.0,2,44.0,339.0,1,0
46.6,529.0,1,48.0,462.0,1,1
44.6,736.0,2,41.0,137.0,1,0
55.0,561.0,4,47.0,231.0,1,0
25.5,575.0,0,36.0,335.0,1,0
72.4,573.0,1,25.0,396.0,1,0
38.5,687.0,0,31.0,324.0,1,0
29.4,705.0,1,42.0,340.0,1,1
44.5,583.0,0,49.0,314.0,1,0
39.5,601.0,1,51.0,126.0,0,0
24.9,646.0,3,44.0,257.0,1,0
34.0,618.0,1,43.0,148.0,0,0
20.5,671.0,1,41.0,282.0,0,0
32.4,699.0,0,32.0,320.0,1,0
22.9,543.0,1,41.0,412.0,0,1
51.5,580.0,0,41.0,208.0,1,0
23.4,595.0,0,34.0,370.0,1,1
30.0,556.0,1,30.0,448.0,0,1
34.8,398.0,3,21.0,200.0,1,1
19.1,528.0,3,39.0,497.0,0,1
15.3,527.0,2,45.0,97.0,0,0
15.4,622.0,1,32.0,387.0,0,1
10.8,639.0,1,39.0,180.0,0,0
53.4,627.0,2,39.0,430.0,1,0
36.4,625.0,0,35.0,244.0,1,0
42.4,518.0,0,67.0,260.0,1,0
40.4,468.0,0,46.0,138.0,0,0
21.7,672.0,1,21.0,20.0,1,0
18.1,467.0,3,46.0,198.0,0,1
30.7,776.0,3,33.0,323.0,0,0
8.8,626.0,2,21.0,387.0,0,1
21.9,610.0,1,35.0,521.0,0,1
18.3,635.0,2,46.0,126.0,0,0
31.5,558.0,1,50.0,279.0,0,1
33.6,665.0,1,46.0,84.0,1,0
70.1,588.0,1,33.0,261.0,1,0
54.1,525.0,4,38.0,270.0,1,1
19.0,640.0,0,44.0,156.0,0,0
23.9,845.0,3,41.0,176.0,0,0
34.8,500.0,1,25.0,255.0,1,1
89.6,580.0,1,39.0,152.0,1,0
17.3,720.0,1,34.0,141.0,1,0
30.1,556.0,4,42.0,434.0,0,1
8.7,722.0,0,21.0,229.0,1,0
39.9,698.0,1,30.0,152.0,1,0
48.1,601.0,1,44.0,353.0,0,0
23.7,584.0,3,36.0,504.0,0,1
56.6,685.0,1,41.0,494.0,1,0
39.0,530.0,2,51.0,297.0,1,1
23.6,668.0,1,57.0,263.0,0,0
25.4,726.0,1,34.0,420.0,0,0
21.8,711.0,2,36.0,364.0,0,0
21.4,690.0,1,45.0,433.0,0,0
20.0,512.0,0,40.0,257.0,1,1
62.6,661.0,1,48.0,358.0,1,0
34.1,594.0,0,21.0,226.0,1,0
44.4,505.0,0,41.0,375.0,1,0
26.9,587.0,1,23.0,182.0,1,1
39.7,471.0,3,35.0,175.0,0,0
25.1,584.0,0,31.0,399.0,0,0
38.6,589.0,1,31.0,380.0,1,1
8.8,648.0,0,24.0,238.0,0,1
45.9,696.0,2,21.0,315.0,1,0
67.2,474.0,1,47.0,236.0,1,0
27.0,481.0,1,49.0,249.0,1,1
33.1,416.0,1,44.0,354.0,1,1
16.0,675.0,0,36.0,310.0,0,1
41.9,538.0,2,44.0,339.0,1,0
41.0,549.0,0,27.0,125.0,1,0
50.6,596.0,2,41.0,293.0,1,0
33.8,600.0,0,34.0,347.0,0,0
27.8,662.0,0,53.0,405.0,1,0
30.4,406.0,1,46.0,394.0,0,1
24.6,582.0,1,56.0,211.0,0,1
23.6,489.0,3,34.0,252.0,1,1
26.7,752.0,0,41.0,309.0,0,0
67.9,648.0,0,45.0,324.0,0,0
74.7,632.0,1,40.0,419.0,1,0
42.1,795.0,0,41.0,175.0,1,0
46.3,587.0,0,26.0,46.0,0,0
39.3,681.0,1,39.0,330.0,1,0
27.4,468.0,1,34.0,397.0,0,1
10.8,618.0,1,21.0,299.0,1,1
25.6,805.0,1,30.0,373.0,1,0
28.2,645.0,0,45.0,168.0,1,0
29.1,532.0,2,45.0,121.0,0,1
28.1,512.0,1,23.0,367.0,0,1
21.9,458.0,0,39.0,240.0,0,1
31.2,640.0,0,24.0,300.0,1,0
26.3,677.0,2,43.0,20.0,0,0
19.3,611.0,0,49.0,240.0,1,1
30.8,527.0,1,36.0,153.0,1,0
24.0,622.0,0,50.0,409.0,0,0
21.3,538.0,1,38.0,260.0,1,1
24.5,710.0,1,39.0,339.0,0,0
27.5,563.0,0,49.0,258.0,1,1
41.0,521.0,1,36.0,78.0,0,0
36.3,551.0,0,50.0,329.0,1,1
37.2,635.0,0,45.0,195.0,1,0
32.5,489.0,1,36.0,367.0,0,1
33.8,660.0,1,44.0,177.0,0,0
14.0,576.0,1,31.0,182.0,1,1
24.0,607.0,0,51.0,176.0,0,0
26.4,588.0,2,33.0,263.0,1,1
37.8,804.0,0,37.0,264.0,1,0
32.0,585.0,2,21.0,412.0,1,1
42.4,676.0,0,39.0,160.0,1,0
25.3,821.0,1,29.0,483.0,1,0
22.0,638.0,2,31.0,355.0,0,1
21.8,766.0,0,32.0,418.0,0,0
39.4,609.0,3,46.0,391.0,0,0
45.5,672.0,0,30.0,452.0,1,0
31.9,547.0,2,27.0,253.0,0,1
25.0,500.0,4,38.0,120.0,0,1
24.0,513.0,0,45.0,123.0,0,1
48.4,598.0,1,38.0,212.0,1,1
36.2,626.0,0,22.0,269.0,0,0
28.2,499.0,4,21.0,399.0,0,1
40.0,476.0,2,40.0,391.0,0,1
59.1,431.0,1,54.0,377.0,1,1
10.5,791.0,0,39.0,199.0,0,0
46.5,610.0,0,46.0,336.0,1,0
39.4,407.0,1,27.0,390.0,1,1
32.1,599.0,1,25.0,207.0,0,0
56.7,586.0,0,34.0,396.0,1,0
18.3,476.0,1,40.0,445.0,0,1
15.7,704.0,0,22.0,184.0,1,0
39.6,559.0,2,35.0,188.0,0,0
17.5,604.0,0,32.0,280.0,0,0
29.7,574.0,1,39.0,333.0,1,1
30.1,604.0,2,54.0,110.0,0,0
29.7,692.0,0,52.0,209.0,1,0
11.3,655.0,0,36.0,308.0,0,0
40.5,559.0,1,43.0,359.0,1,0
28.3,742.0,2,42.0,472.0,1,0
49.0,739.0,1,33.0,315.0,1,0
32.4,468.0,0,42.0,453.0,1,1
29.7,500.0,1,42.0,233.0,1,0
25.8,545.0,2,45.0,354.0,0,1
39.0,737.0,2,45.0,469.0,0,0
53.6,584.0,1,54.0,251.0,1,0
16.5,549.0,0,30.0,244.0,0,0
57.4,597.0,0,43.0,317.0,0,0
35.1,580.0,0,46.0,291.0,1,1
22.7,586.0,4,44.0,377.0,1,1
53.3,504.0,1,27.0,234.0,1,0
34.6,529.0,1,37.0,277.0,1,1
50.6,576.0,1,31.0,231.0,0,0
36.9,724.0,0,34.0,75.0,0,0
37.0,716.0,0,40.0,285.0,1,0
44.5,682.0,1,36.0,293.0,0,0
36.9,633.0,1,42.0,282.0,0,0
21.6,365.0,0,37.0,516.0,1,1
37.3,760.0,0,37.0,471.0,0,0
22.6,701.0,0,29.0,354.0,0,0
38.8,567.0,2,41.0,297.0,1,0
29.4,542.0,2,42.0,391.0,0,1
18.8,617.0,1,45.0,282.0,0,0
14.0,604.0,1,35.0,351.0,0,0
45.5,538.0,1,35.0,150.0,1,0
19.2,734.0,1,65.0,232.0,1,0
3.5,541.0,0,38.0,452.0,0,1
27.5,622.0,0,21.0,200.0,1,0
31.5,492.0,0,37.0,68.0,0,0
36.0,577.0,0,21.0,231.0,1,1
41.3,697.0,0,57.0,331.0,0,0
42.8,604.0,1,49.0,427.0,1,1
20.0,547.0,1,37.0,249.0,0,1
23.4,425.0,0,38.0,250.0,0,1
18.5,569.0,1,37.0,228.0,1,1
39.4,568.0,1,47.0,390.0,0,0
13.5,666.0,0,44.0,424.0,0,0
26.2,719.0,0,35.0,446.0,1,0
37.6,490.0,1,64.0,291.0,1,1
28.0,672.0,2,38.0,187.0,0,0
12.2,513.0,0,32.0,270.0,0,1
18.5,703.0,1,46.0,293.0,0,0
44.0,561.0,2,41.0,281.0,1,0
56.9,650.0,0,23.0,391.0,1,0
31.7,739.0,1,35.0,473.0,0,0
27.7,447.0,1,33.0,349.0,0,1
11.6,613.0,2,47.0,119.0,0,1
21.5,742.0,0,54.0,360.0,0,0
47.8,670.0,0,49.0,456.0,1,0
39.3,795.0,1,43.0,189.0,0,0
37.3,555.0,0,36.0,242.0,0,0
42.1,698.0,1,28.0,379.0,1,0
58.1,665.0,0,38.0,531.0,1,0
83.2,605.0,0,21.0,305.0,1,0
31.1,509.0,0,37.0,511.0,1,1
20.0,620.0,1,47.0,271.0,0,1
43.9,774.0,2,45.0,451.0,0,0
43.5,712.0,0,53.0,311.0,1,1
41.7,644.0,1,32.0,123.0,1,0
32.1,556.0,1,35.0,207.0,0,0
21.1,473.0,1,50.0,318.0,0,1
17.1,582.0,1,47.0,363.0,0,0
28.3,518.0,2,56.0,119.0,1,1
58.7,568.0,3,27.0,464.0,1,0
18.5,699.0,0,47.0,116.0,1,0
33.2,710.0,0,50.0,77.0,0,0
22.1,698.0,0,42.0,113.0,0,0
24.3,649.0,0,59.0,197.0,0,0
51.1,552.0,0,42.0,569.0,1,1
52.7,640.0,1,21.0,470.0,1,0
31.6,445.0,0,49.0,273.0,0,1
8.3,699.0,2,22.0,490.0,0,1
63.6,501.0,1,33.0,238.0,1,0
59.7,720.0,3,43.0,364.0,1,0
41.4,543.0,1,60.0,396.0,1,1
28.1,801.0,2,31.0,113.0,0,0
46.9,576.0,1,37.0,366.0,0,0
54.2,590.0,0,52.0,337.0,1,0
27.7,669.0,0,21.0,463.0,0,0
35.6,479.0,2,44.0,216.0,1,1
26.0,620.0,2,27.0,275.0,0,1
40.4,510.0,2,21.0,270.0,0,0
38.9,661.0,1,38.0,146.0,0,0
15.8,645.0,0,37.0,529.0,1,1
32.9,620.0,0,42.0,293.0,0,0
53.0,711.0,0,47.0,551.0,1,0
12.2,613.0,1,40.0,219.0,0,0
40.0,402.0,0,54.0,323.0,1,1
13.3,532.0,0,51.0,166.0,1,1
41.9,514.0,3,30.0,343.0,1,1
8.8,660.0,2,37.0,276.0,1,1
29.8,582.0,2,36.0,384.0,1,0
21.6,542.0,0,21.0,408.0,0,1
20.6,527.0,1,54.0,319.0,0,0
61.8,569.0,1,33.0,248.0,1,0
48.0,638.0,3,49.0,258.0,1,1
34.0,680.0,1,34.0,294.0,1,0
18.2,603.0,1,48.0,419.0,0,1
36.4,560.0,1,33.0,456.0,1,0
17.2,604.0,2,49.0,375.0,0,1
54.6,491.0,1,41.0,162.0,1,0
49.0,559.0,2,45.0,165.0,0,0
55.8,729.0,2,45.0,346.0,1,0
31.5,696.0,1,41.0,429.0,0,0
26.3,801.0,1,32.0,346.0,0,0
33.9,534.0,2,30.0,352.0,1,0
66.2,834.0,0,59.0,394.0,1,0
31.4,554.0,2,53.0,297.0,1,0
63.4,541.0,2,41.0,410.0,1,0
16.1,627.0,1,50.0,237.0,0,1
24.9,644.0,2,32.0,204.0,0,0
10.0,617.0,4,40.0,238.0,0,1
29.7,593.0,2,22.0,203.0,0,0
14.7,786.0,0,30.0,411.0,0,0
45.5,492.0,0,36.0,373.0,0,1
46.2,501.0,4,36.0,73.0,1,1
33.6,619.0,1,39.0,188.0,0,0
31.0,591.0,1,24.0,246.0,0,1
16.5,605.0,2,38.0,131.0,0,1
41.9,809.0,1,39.0,361.0,1,0
47.3,750.0,1,41.0,426.0,0,0
40.1,658.0,0,45.0,241.0,1,0
17.3,531.0,1,32.0,496.0,0,0
8.6,623.0,0,23.0,217.0,0,0
29.3,443.0,0,43.0,716.0,1,1
9.5,524.0,0,42.0,381.0,0,1
36.7,667.0,1,41.0,352.0,0,0
51.7,515.0,1,52.0,297.0,1,0
26.9,545.0,1,40.0,393.0,1,1
34.4,620.0,0,46.0,142.0,0,0
21.9,336.0,1,39.0,369.0,0,1
39.3,619.0,2,39.0,577.0,1,1
45.6,628.0,0,32.0,462.0,1,0
33.3,651.0,3,38.0,132.0,1,0
46.3,751.0,0,40.0,256.0,1,0
10.3,554.0,1,41.0,177.0,0,1
29.2,581.0,1,51.0,326.0,0,0
39.5,529.0,1,52.0,354.0,1,1
6.5,544.0,0,54.0,330.0,0,1
12.9,535.0,0,35.0,318.0,1,1
12.1,535.0,1,39.0,199.0,1,1
32.4,424.0,0,49.0,262.0,0,1
41.9,497.0,1,39.0,51.0,1,0
44.1,672.0,0,52.0,400.0,1,0
14.1,569.0,2,21.0,349.0,0,1
40.0,556.0,1,54.0,95.0,0,0
54.7,561.0,1,31.0,356.0,1,0
19.9,628.0,0,37.0,414.0,0,1
40.3,481.0,0,35.0,505.0,0,1
25.4,682.0,1,46.0,225.0,0,1
9.3,413.0,0,36.0,197.0,0,1
10.9,692.0,1,58.0,304.0,0,0
35.7,638.0,1,44.0,231.0,0,0
38.4,415.0,1,36.0,318.0,1,1
37.3,608.0,1,47.0,273.0,0,0
38.7,636.0,1,44.0,363.0,1,0
44.0,493.0,0,36.0,390.0,1,1
71.9,594.0,2,50.0,154.0,1,0
42.7,463.0,1,46.0,330.0,0,0
23.5,678.0,0,50.0,331.0,0,0
45.6,663.0,0,28.0,424.0,1,0
47.4,599.0,0,35.0,223.0,1,0
51.4,370.0,3,34.0,480.0,1,1
41.1,595.0,0,46.0,191.0,1,0
22.8,584.0,3,48.0,477.0,0,1
39.9,540.0,2,48.0,86.0,1,0
23.0,469.0,4,35.0,437.0,0,1
65.3,524.0,1,31.0,225.0,1,0
41.0,556.0,0,35.0,28.0,0,0
25.9,591.0,1,53.0,338.0,0,1
46.4,659.0,1,56.0,173.0,1,0
37.5,656.0,0,43.0,377.0,1,0
57.9,618.0,0,34.0,240.0,1,0
55.7,507.0,1,35.0,55.0,1,0
34.0,618.0,0,42.0,472.0,0,0
37.1,659.0,1,21.0,517.0,0,0
34.9,662.0,0,42.0,220.0,0,0
40.3,686.0,0,34.0,486.0,0,0
33.6,391.0,0,30.0,238.0,0,1
42.3,470.0,1,38.0,361.0,1,0
21.9,565.0,0,29.0,139.0,0,0
16.4,671.0,0,44.0,464.0,1,1
27.7,676.0,2,37.0,453.0,0,0
20.2,544.0,1,48.0,254.0,0,0
40.9,787.0,1,21.0,243.0,1,0
40.0,432.0,0,41.0,393.0,0,1
29.8,571.0,1,23.0,90.0,0,1
33.8,662.0,0,32.0,168.0,1,0
19.0,558.0,2,51.0,303.0,0,1
18.5,515.0,4,33.0,526.0,1,1
42.0,709.0,0,52.0,340.0,0,0
13.3,588.0,0,58.0,332.0,1,1
18.2,619.0,2,45.0,143.0,0,1
3.7,708.0,2,44.0,553.0,0,0
35.3,528.0,0,21.0,332.0,1,1
34.9,618.0,0,37.0,241.0,1,0
23.8,563.0,0,46.0,513.0,0,0
27.3,492.0,1,67.0,215.0,0,0
19.4,696.0,2,33.0,319.0,0,0
18.4,649.0,0,43.0,241.0,0,1
47.1,626.0,2,35.0,111.0,0,0
35.0,607.0,2,37.0,289.0,1,0
53.6,727.0,0,49.0,372.0,1,0
19.2,368.0,1,40.0,44.0,0,1
64.2,574.0,1,26.0,510.0,1,0
62.7,469.0,3,22.0,183.0,1,0
30.4,622.0,0,49.0,347.0,0,0
16.5,710.0,1,55.0,381.0,0,1
28.9,523.0,1,21.0,181.0,0,0
40.7,737.0,1,35.0,387.0,1,0
30.5,633.0,1,40.0,623.0,0,1
25.3,670.0,0,35.0,235.0,1,0
17.2,673.0,2,38.0,349.0,1,0
42.4,636.0,3,40.0,341.0,1,0
39.8,516.0,1,48.0,254.0,1,0
40.0,535.0,0,35.0,501.0,1,1
55.4,597.0,0,66.0,367.0,1,1
17.9,558.0,0,42.0,481.0,1,1
55.2,651.0,1,34.0,333.0,1,0
28.9,396.0,0,42.0,405.0,1,1
23.9,631.0,0,42.0,78.0,0,1
27.6,591.0,0,30.0,143.0,1,0
41.3,578.0,0,38.0,126.0,1,0
11.4,591.0,2,47.0,256.0,1,1
31.5,403.0,0,42.0,227.0,1,1
22.6,662.0,1,33.0,21.0,0,0
41.3,603.0,1,45.0,272.0,0,0
29.6,821.0,2,37.0,420.0,0,0
35.3,665.0,1,42.0,226.0,0,0
40.1,619.0,1,36.0,302.0,1,1
24.3,502.0,0,26.0,272.0,1,1
53.6,520.0,1,38.0,536.0,1,1
19.1,515.0,2,40.0,269.0,0,1
32.1,773.0,1,60.0,147.0,1,0
29.9,526.0,1,62.0,352.0,0,1
37.9,463.0,1,44.0,217.0,0,1
37.0,683.0,1,25.0,179.0,1,0
43.9,679.0,1,21.0,277.0,0,0
22.0,591.0,2,21.0,383.0,0,0
50.0,685.0,0,62.0,70.0,1,0
40.1,625.0,1,39.0,359.0,1,1
44.2,485.0,0,42.0,364.0,0,0
30.3,790.0,0,34.0,334.0,0,0
11.8,401.0,0,26.0,583.0,1,1
39.4,569.0,2,51.0,312.0,0,1
27.1,732.0,1,38.0,323.0,0,0
22.2,777.0,1,38.0,254.0,0,0
58.3,517.0,0,35.0,327.0,1,0
24.5,599.0,0,49.0,286.0,0,0
34.3,511.0,1,38.0,147.0,0,1
19.9,734.0,0,37.0,364.0,0,0
27.5,625.0,2,51.0,282.0,1,1
47.0,569.0,0,50.0,170.0,0,0
28.2,650.0,1,30.0,327.0,1,0
21.9,461.0,0,42.0,104.0,0,0
14.4,487.0,1,31.0,387.0,1,1
64.4,624.0,1,59.0,289.0,1,0
46.0,716.0,1,44.0,452.0,1,1
43.6,578.0,2,21.0,208.0,1,1
38.2,631.0,1,34.0,345.0,0,0
20.1,507.0,1,44.0,226.0,1,1
22.3,759.0,1,37.0,219.0,0,0
38.6,676.0,1,35.0,213.0,1,0
16.8,720.0,3,32.0,286.0,1,0
41.8,751.0,1,52.0,393.0,0,0
27.8,579.0,1,25.0,353.0,0,1
24.6,568.0,6,55.0,465.0,0,1
43.5,417.0,1,39.0,251.0,1,1
28.7,560.0,0,49.0,277.0,1,1
28.5,660.0,1,44.0,359.0,0,0
91.4,698.0,1,36.0,204.0,1,0
49.1,625.0,2,42.0,113.0,1,0
45.5,590.0,0,41.0,373.0,0,0
24.3,689.0,0,21.0,439.0,0,0
20.1,637.0,1,32.0,252.0,0,0
31.3,544.0,1,47.0,279.0,0,1
19.9,587.0,5,38.0,545.0,1,1
5.4,625.0,3,39.0,411.0,1,1
35.7,501.0,0,32.0,431.0,0,0
49.6,352.0,1,25.0,281.0,1,1
52.5,668.0,1,29.0,184.0,1,0
40.4,512.0,0,24.0,118.0,1,0
69.7,682.0,0,55.0,299.0,1,0
38.7,659.0,0,43.0,522.0,1,0
31.7,588.0,0,36.0,548.0,1,1
3.5,765.0,2,34.0,77.0,0,0
39.3,661.0,2,55.0,455.0,1,1
52.5,568.0,3,38.0,171.0,1,1
40.1,746.0,0,32.0,338.0,1,0
39.8,502.0,0,41.0,131.0,0,0
74.4,373.0,0,47.0,221.0,1,0
37.4,568.0,0,42.0,287.0,1,0
58.5,685.0,1,45.0,376.0,1,0
16.2,639.0,1,35.0,446.0,1,1
55.5,576.0,0,37.0,335.0,1,0
28.7,663.0,2,39.0,395.0,0,1
36.7,530.0,0,43.0,342.0,1,1
37.5,493.0,0,51.0,167.0,1,0
26.4,550.0,0,42.0,543.0,0,0
24.8,534.0,2,23.0,419.0,0,1
43.0,508.0,0,21.0,368.0,1,0
37.4,585.0,3,49.0,372.0,1,0
22.7,713.0,2,34.0,363.0,1,0
32.4,571.0,1,60.0,203.0,0,0
30.9,517.0,0,52.0,379.0,1,0
39.0,552.0,1,31.0,80.0,0,0
39.5,580.0,1,26.0,217.0,1,1
29.3,650.0,1,38.0,340.0,0,0
6.5,670.0,1,40.0,300.0,0,1
14.8,759.0,2,34.0,399.0,0,1
54.1,549.0,0,27.0,62.0,1,0
29.0,646.0,1,38.0,218.0,1,1
32.0,583.0,0,36.0,396.0,1,0
35.8,510.0,3,40.0,266.0,1,0
60.5,600.0,0,34.0,306.0,1,0
31.9,401.0,4,67.0,321.0,0,1
59.7,565.0,1,35.0,215.0,1,0
36.0,592.0,0,37.0,63.0,1,0
43.2,575.0,3,52.0,368.0,1,1
15.4,534.0,2,51.0,227.0,0,1
57.7,643.0,3,69.0,252.0,1,0
41.6,553.0,1,58.0,271.0,1,0
40.7,523.0,2,52.0,422.0,1,1
31.6,599.0,1,34.0,203.0,0,0
61.7,569.0,1,21.0,164.0,1,0
36.8,683.0,0,39.0,302.0,1,0
45.5,641.0,1,35.0,422.0,0,0
27.2,700.0,0,35.0,327.0,1,0
32.4,523.0,3,42.0,437.0,0,1
70.1,552.0,1,37.0,110.0,1,0
32.7,586.0,1,37.0,256.0,1,1
30.6,634.0,2,35.0,281.0,0,0
37.2,746.0,1,28.0,23.0,0,0
37.9,384.0,1,37.0,427.0,1,1
17.5,513.0,0,52.0,495.0,1,1
24.2,664.0,0,41.0,96.0,1,0
48.7,620.0,0,35.0,145.0,1,0
53.4,433.0,0,31.0,425.0,1,1
36.2,482.0,3,40.0,569.0,0,1
57.2,495.0,0,44.0,320.0,1,0
28.8,552.0,1,41.0,238.0,0,1
43.1,555.0,2,29.0,430.0,1,0
17.2,655.0,1,27.0,353.0,1,0
44.8,732.0,0,48.0,326.0,1,0
34.4,626.0,0,30.0,242.0,0,0
31.3,600.0,1,24.0,410.0,1,1
49.7,559.0,0,29.0,239.0,1,0
8.9,536.0,0,29.0,175.0,0,1
35.9,585.0,1,39.0,397.0,0,0
44.5,567.0,3,42.0,239.0,1,1
71.7,710.0,3,48.0,304.0,1,0
61.2,733.0,0,36.0,110.0,1,0
62.6,502.0,0,29.0,247.0,1,0
36.6,414.0,3,25.0,164.0,0,1
34.8,518.0,0,30.0,331.0,0,0
22.3,421.0,3,25.0,221.0,1,1
24.5,681.0,0,34.0,162.0,0,0
47.2,673.0,0,47.0,332.0,0,0
12.7,672.0,2,56.0,284.0,0,1
23.3,669.0,1,29.0,318.0,0,1
13.1,660.0,2,42.0,408.0,0,1
61.8,718.0,1,27.0,273.0,1,0
31.5,616.0,1,40.0,313.0,1,0
44.2,636.0,0,32.0,245.0,0,0
33.8,580.0,1,36.0,311.0,1,0
22.7,667.0,3,53.0,253.0,0,0
41.4,383.0,1,44.0,204.0,0,0
37.9,667.0,1,42.0,298.0,0,0
3.5,670.0,1,52.0,258.0,0,0
32.7,763.0,0,29.0,288.0,0,0
49.0,475.0,1,36.0,273.0,1,1
43.1,617.0,0,42.0,241.0,1,0
30.1,583.0,1,50.0,371.0,1,1
40.4,463.0,0,48.0,435.0,1,1
34.0,712.0,1,42.0,46.0,1,0
43.2,640.0,0,45.0,376.0,1,0
37.0,667.0,0,40.0,321.0,1,0
21.5,435.0,1,43.0,323.0,0,1
42.5,501.0,1,51.0,298.0,1,1
52.0,553.0,1,28.0,288.0,1,1
31.0,557.0,1,28.0,145.0,0,0
31.7,409.0,3,42.0,80.0,1,1
31.5,529.0,0,53.0,178.0,0,1
56.0,585.0,0,41.0,131.0,1,0
44.8,565.0,3,29.0,512.0,0,1
58.1,626.0,0,53.0,376.0,1,0
33.6,568.0,1,36.0,284.0,0,0
24.9,479.0,2,39.0,387.0,1,1
13.7,592.0,3,21.0,190.0,0,0
37.0,633.0,1,39.0,324.0,1,0
18.9,565.0,1,45.0,97.0,1,0
19.8,614.0,0,38.0,210.0,0,1
26.2,850.0,0,48.0,125.0,0,0
32.7,747.0,0,29.0,317.0,1,0
35.1,569.0,0,29.0,20.0,1,0
20.1,508.0,2,42.0,396.0,1,1
30.4,612.0,2,54.0,96.0,0,0
38.5,587.0,1,32.0,403.0,0,1
22.2,577.0,1,39.0,510.0,0,1
35.6,674.0,2,25.0,134.0,0,0
56.0,607.0,0,46.0,150.0,0,1
27.0,654.0,0,29.0,235.0,0,0
49.8,613.0,0,40.0,393.0,1,0
30.1,845.0,0,40.0,448.0,0,0
54.5,455.0,0,29.0,188.0,1,0
10.0,737.0,0,47.0,248.0,0,0
16.9,385.0,1,21.0,155.0,0,1
29.5,683.0,2,49.0,329.0,0,0
53.3,502.0,2,27.0,425.0,1,1
29.4,617.0,2,61.0,152.0,0,0
15.0,766.0,0,48.0,384.0,1,0
27.6,636.0,0,46.0,89.0,1,0
19.7,680.0,3,30.0,222.0,0,1
32.1,711.0,2,43.0,242.0,0,0
20.0,598.0,0,32.0,255.0,0,0
29.8,533.0,1,33.0,59.0,1,0
56.3,613.0,0,44.0,330.0,1,1
42.0,639.0,1,28.0,143.0,0,0
23.7,635.0,3,44.0,402.0,0,1
32.5,739.0,2,27.0,366.0,0,0
11.8,535.0,1,38.0,483.0,1,1
43.0,688.0,2,42.0,420.0,1,0
40.5,484.0,2,44.0,394.0,0,1
33.5,789.0,1,45.0,245.0,0,0
29.1,620.0,3,46.0,166.0,0,0
34.2,498.0,0,40.0,365.0,1,0
30.3,575.0,2,34.0,160.0,1,1
37.3,533.0,1,37.0,338.0,1,1
11.7,367.0,1,52.0,20.0,0,1
64.2,494.0,1,43.0,179.0,1,0
33.9,687.0,1,48.0,356.0,0,1
38.5,488.0,0,40.0,154.0,1,1
21.5,661.0,2,55.0,321.0,0,0
38.9,670.0,3,40.0,202.0,1,0
52.0,684.0,4,44.0,147.0,1,0
38.6,621.0,1,30.0,137.0,0,0
26.4,514.0,0,46.0,404.0,1,1
17.8,505.0,1,48.0,181.0,0,1
71.2,601.0,1,48.0,149.0,1,0
39.9,716.0,1,45.0,418.0,0,0
35.4,676.0,0,28.0,274.0,0,0
37.9,507.0,2,31.0,239.0,1,1
53.9,476.0,2,28.0,102.0,1,0
20.9,595.0,3,45.0,256.0,1,1
44.1,637.0,0,44.0,183.0,0,0
27.6,665.0,0,42.0,335.0,0,0
51.9,585.0,0,43.0,459.0,1,0
34.8,590.0,1,40.0,445.0,0,1
38.0,478.0,0,36.0,315.0,1,0
26.2,753.0,2,34.0,331.0,0,0
40.8,591.0,1,32.0,244.0,0,0
55.4,698.0,0,32.0,351.0,1,0
9.4,583.0,1,49.0,142.0,0,1
10.2,646.0,2,43.0,315.0,0,1
18.1,618.0,1,50.0,182.0,0,0
26.6,670.0,3,66.0,365.0,1,1
16.3,546.0,0,47.0,235.0,0,1
30.9,617.0,0,43.0,168.0,0,0
33.0,578.0,0,41.0,181.0,1,1
40.7,573.0,2,34.0,143.0,0,0
61.8,699.0,0,53.0,232.0,1,0
39.6,640.0,2,49.0,417.0,1,1
45.7,494.0,1,47.0,330.0,0,0
40.4,588.0,0,52.0,402.0,1,1
33.5,566.0,1,26.0,385.0,1,1
41.0,610.0,0,29.0,143.0,1,0
54.2,498.0,0,45.0,422.0,1,0
15.8,688.0,0,50.0,297.0,1,0
25.8,615.0,4,40.0,373.0,0,1
31.1,497.0,0,50.0,223.0,0,0
31.8,550.0,1,45.0,379.0,0,0
34.5,819.0,1,31.0,410.0,1,0
47.3,783.0,1,31.0,20.0,1,0
31.1,629.0,0,45.0,388.0,0,0
31.1,694.0,1,44.0,309.0,1,0
72.7,726.0,0,26.0,400.0,1,0
46.6,475.0,0,40.0,411.0,1,0
24.5,661.0,3,31.0,161.0,0,0
31.4,581.0,0,21.0,343.0,1,0
55.4,604.0,0,41.0,274.0,1,0
41.5,567.0,0,47.0,267.0,1,0
78.2,476.0,0,27.0,371.0,1,0
33.5,603.0,2,42.0,279.0,1,1
21.4,444.0,0,31.0,265.0,1,1
39.6,545.0,4,46.0,433.0,1,1
42.6,705.0,0,44.0,171.0,1,0
5.8,671.0,0,50.0,357.0,0,1
35.4,552.0,1,43.0,341.0,1,0
34.5,723.0,0,35.0,258.0,1,0
24.1,545.0,0,55.0,479.0,0,0
21.4,518.0,0,44.0,267.0,0,0
13.9,806.0,1,39.0,329.0,0,0
51.4,662.0,1,38.0,379.0,1,0
31.2,660.0,1,27.0,426.0,1,0
24.6,680.0,0,49.0,341.0,1,0
20.0,649.0,1,41.0,243.0,0,1
23.0,535.0,1,36.0,498.0,0,1
29.1,538.0,2,28.0,200.0,0,0
50.0,630.0,2,41.0,143.0,1,0
18.0,644.0,1,29.0,227.0,0,0
32.8,683.0,1,35.0,92.0,1,0
19.8,590.0,1,24.0,187.0,1,1
3.5,766.0,1,39.0,217.0,0,0
42.3,481.0,0,38.0,356.0,1,0
44.0,774.0,0,42.0,310.0,0,0
47.8,726.0,2,48.0,164.0,1,0
22.7,629.0,1,29.0,281.0,0,0
41.4,628.0,2,40.0,229.0,1,0
15.7,578.0,0,36.0,347.0,0,1
38.2,526.0,3,32.0,117.0,1,0
23.5,560.0,1,34.0,351.0,0,1
19.0,637.0,2,41.0,118.0,0,0
46.1,802.0,0,26.0,151.0,1,0
79.0,680.0,1,37.0,86.0,1,0
45.5,470.0,1,48.0,265.0,0,0
38.9,510.0,0,21.0,37.0,1,0
37.3,685.0,1,36.0,637.0,0,0
37.1,602.0,1,40.0,201.0,0,0
21.2,507.0,0,37.0,323.0,0,1
49.7,514.0,1,50.0,428.0,1,1
12.9,493.0,1,29.0,203.0,0,1
19.5,758.0,2,29.0,441.0,0,1
43.6,596.0,1,28.0,340.0,1,1
33.8,599.0,0,41.0,149.0,1,1
46.4,569.0,2,47.0,155.0,0,0
49.7,546.0,1,50.0,83.0,1,0
34.3,464.0,1,35.0,263.0,1,0
23.1,629.0,1,32.0,216.0,0,0
42.8,717.0,1,41.0,113.0,1,0
16.9,569.0,1,45.0,565.0,0,1
34.3,632.0,2,24.0,238.0,0,0
13.6,703.0,0,36.0,465.0,0,1
34.5,674.0,1,47.0,205.0,0,0
26.3,528.0,0,41.0,328.0,0,1
32.4,571.0,2,40.0,318.0,0,1
17.4,613.0,4,50.0,204.0,0,0
30.6,752.0,3,35.0,368.0,0,0
76.2,712.0,1,47.0,200.0,1,0
23.2,590.0,1,34.0,153.0,0,0
44.8,430.0,2,45.0,393.0,1,1
43.8,594.0,1,42.0,502.0,0,0
51.4,524.0,1,31.0,377.0,1,0
32.5,682.0,0,31.0,367.0,0,1
17.4,521.0,3,35.0,218.0,0,1
14.6,539.0,2,23.0,20.0,0,1
40.8,606.0,2,35.0,229.0,1,0
23.1,592.0,0,46.0,147.0,0,0
39.7,521.0,1,43.0,20.0,1,0
30.2,736.0,2,29.0,451.0,0,1
29.9,504.0,0,35.0,359.0,1,0
47.4,324.0,0,35.0,312.0,1,1
47.5,445.0,0,41.0,361.0,0,0
24.9,619.0,1,46.0,341.0,1,1
23.1,593.0,0,49.0,391.0,0,1
27.5,451.0,2,26.0,315.0,0,1
40.0,433.0,2,47.0,382.0,0,1
15.5,601.0,3,45.0,448.0,0,1
16.8,730.0,1,37.0,218.0,0,0
5.3,639.0,1,42.0,199.0,0,1
23.4,525.0,1,41.0,193.0,0,0
35.1,640.0,0,51.0,200.0,0,0
56.0,525.0,1,37.0,379.0,1,0
45.4,394.0,0,50.0,198.0,1,0
21.7,628.0,0,32.0,70.0,0,0
50.6,621.0,2,44.0,313.0,1,0
43.1,684.0,1,21.0,419.0,1,0
11.2,666.0,2,43.0,430.0,1,1
15.1,598.0,1,38.0,455.0,0,1
62.7,669.0,0,21.0,390.0,1,0
44.8,525.0,0,21.0,372.0,1,0
19.4,473.0,3,28.0,162.0,1,1
36.6,438.0,0,34.0,376.0,0,1
39.1,537.0,0,35.0,302.0,0,0
33.5,655.0,0,33.0,412.0,1,0
34.9,677.0,1,35.0,132.0,0,0
3.5,523.0,1,32.0,228.0,0,1
54.6,639.0,2,53.0,161.0,1,0
40.3,656.0,0,38.0,283.0,0,0
16.2,679.0,0,45.0,300.0,0,0
31.0,634.0,3,41.0,155.0,0,1
34.9,513.0,0,40.0,227.0,1,1
38.5,591.0,0,43.0,281.0,1,0
23.5,505.0,1,41.0,455.0,0,1
20.0,490.0,2,35.0,225.0,1,1
68.4,732.0,0,54.0,231.0,1,0
24.7,660.0,0,36.0,295.0,0,0
29.1,602.0,0,30.0,572.0,0,1
24.9,517.0,0,63.0,432.0,1,1
17.1,552.0,0,52.0,321.0,0,1
46.2,597.0,0,25.0,245.0,1,0
47.9,681.0,0,21.0,121.0,1,0
53.2,656.0,1,36.0,245.0,1,0
39.6,600.0,1,39.0,634.0,0,1
25.8,675.0,1,40.0,197.0,0,0
23.3,541.0,5,25.0,200.0,0,1
51.2,765.0,0,25.0,362.0,1,0
30.4,652.0,2,38.0,98.0,1,0
53.1,391.0,2,33.0,504.0,1,1
45.6,547.0,3,23.0,352.0,1,1
40.1,569.0,0,56.0,380.0,0,0
35.0,755.0,0,46.0,176.0,0,0
24.2,596.0,1,36.0,200.0,1,1
27.0,600.0,1,39.0,327.0,1,0
35.7,689.0,2,30.0,361.0,0,0
48.0,705.0,3,27.0,241.0,0,0
20.2,415.0,1,23.0,286.0,1,1
40.3,654.0,0,44.0,387.0,1,0
44.2,482.0,0,36.0,446.0,1,1
17.1,591.0,0,40.0,321.0,1,0
47.2,570.0,0,32.0,428.0,1,1
27.0,681.0,1,52.0,336.0,0,0
8.6,850.0,2,42.0,229.0,1,0
64.3,457.0,0,62.0,207.0,1,0
27.1,645.0,1,47.0,238.0,1,0
20.8,714.0,1,43.0,331.0,1,0
46.3,584.0,0,43.0,406.0,1,0
33.9,543.0,0,44.0,401.0,0,0
51.0,759.0,0,52.0,252.0,1,0
34.2,568.0,1,29.0,279.0,1,1
27.9,565.0,1,42.0,281.0,0,1
20.3,607.0,1,36.0,460.0,0,1
20.3,555.0,1,28.0,125.0,1,1
39.3,658.0,0,30.0,55.0,0,0
26.9,496.0,2,36.0,282.0,0,1
37.3,535.0,0,41.0,435.0,1,0
10.0,564.0,2,28.0,249.0,1,1
26.1,667.0,0,25.0,454.0,0,0
27.4,660.0,0,21.0,273.0,1,1
37.4,729.0,0,36.0,224.0,1,0
25.7,572.0,0,35.0,206.0,0,0
33.3,633.0,0,28.0,394.0,1,0
37.9,714.0,1,32.0,266.0,0,0
46.7,606.0,0,59.0,214.0,1,0
39.8,675.0,2,45.0,112.0,0,0
14.1,500.0,0,35.0,356.0,0,0
21.2,676.0,0,29.0,462.0,0,1
39.4,621.0,1,39.0,431.0,1,1
23.7,558.0,0,36.0,340.0,0,0
38.8,497.0,2,51.0,259.0,1,1
22.3,598.0,0,38.0,160.0,1,0
29.3,648.0,1,30.0,200.0,1,1
15.4,623.0,0,21.0,313.0,1,1
18.7,592.0,0,22.0,185.0,0,0
50.4,696.0,0,45.0,298.0,1,0
25.8,698.0,0,41.0,219.0,0,0
62.6,524.0,2,27.0,369.0,1,1
21.7,584.0,0,45.0,384.0,0,1
41.8,565.0,2,33.0,295.0,1,1
21.8,613.0,2,33.0,187.0,1,0
79.0,595.0,1,21.0,346.0,1,0
37.3,662.0,0,43.0,386.0,1,0
52.4,506.0,3,37.0,327.0,1,0
46.2,627.0,1,27.0,369.0,1,0
31.2,850.0,1,41.0,331.0,1,1
20.0,427.0,1,38.0,477.0,1,1
29.6,587.0,1,36.0,296.0,0,0
31.6,493.0,0,26.0,181.0,1,1
37.7,617.0,1,51.0,20.0,1,0
49.8,686.0,1,35.0,464.0,1,0
28.8,629.0,3,46.0,258.0,0,1
32.0,731.0,0,38.0,105.0,0,0
29.6,651.0,1,33.0,59.0,0,0
12.6,718.0,0,31.0,326.0,0,1
60.9,612.0,1,42.0,279.0,1,0
57.6,513.0,2,36.0,376.0,1,1
23.0,632.0,1,41.0,467.0,1,1
33.3,614.0,1,37.0,519.0,0,1
30.1,619.0,0,47.0,226.0,1,0
28.8,676.0,3,41.0,317.0,1,1
27.9,535.0,1,37.0,242.0,0,1
66.2,611.0,1,39.0,437.0,1,0
39.1,532.0,1,41.0,521.0,0,0
49.1,679.0,3,33.0,475.0,1,1
22.7,540.0,1,39.0,601.0,1,1
54.8,630.0,0,48.0,244.0,0,0
37.2,493.0,0,25.0,269.0,0,0
5.0,598.0,1,22.0,232.0,1,0
32.2,632.0,0,33.0,534.0,0,0
32.7,697.0,0,37.0,354.0,1,0
46.1,640.0,2,32.0,359.0,1,0
32.2,660.0,1,33.0,376.0,0,0
26.2,583.0,0,25.0,215.0,1,0
47.2,596.0,1,31.0,410.0,0,0
43.0,559.0,1,42.0,428.0,1,1
37.9,624.0,0,41.0,124.0,0,0
42.2,649.0,0,44.0,281.0,0,0
28.9,650.0,0,27.0,310.0,1,0
18.4,642.0,1,56.0,318.0,0,0
39.8,717.0,1,52.0,498.0,0,0
42.6,579.0,4,33.0,301.0,0,1
19.3,754.0,1,35.0,386.0,1,0
70.2,622.0,2,39.0,441.0,1,0
25.5,534.0,3,52.0,332.0,0,1
35.3,630.0,0,36.0,540.0,0,0
33.9,595.0,0,34.0,422.0,0,0
17.8,597.0,1,39.0,339.0,0,1
18.9,685.0,2,27.0,148.0,0,0
8.7,546.0,1,41.0,283.0,1,1
22.7,512.0,0,38.0,512.0,1,1
12.4,619.0,2,27.0,407.0,0,0
40.6,541.0,0,41.0,359.0,1,0
42.4,612.0,0,27.0,181.0,0,0
27.7,671.0,0,37.0,418.0,0,0
31.6,477.0,0,42.0,323.0,0,1
51.7,684.0,0,46.0,396.0,1,0
50.2,644.0,0,42.0,225.0,1,0
34.2,622.0,2,33.0,206.0,1,1
12.6,471.0,0,32.0,211.0,0,1
23.5,504.0,1,26.0,393.0,0,1
28.7,532.0,0,48.0,394.0,0,0
26.9,557.0,0,27.0,361.0,1,0
45.4,607.0,2,27.0,328.0,1,1
35.6,717.0,1,31.0,132.0,1,0
49.3,648.0,1,46.0,147.0,1,0
19.6,562.0,3,42.0,347.0,0,1
26.2,546.0,2,43.0,104.0,1,1
46.6,724.0,1,52.0,450.0,0,0
28.3,637.0,1,35.0,213.0,0,0
48.3,692.0,1,31.0,410.0,1,0
23.5,526.0,1,52.0,239.0,1,0
34.3,623.0,1,27.0,364.0,1,0
50.2,536.0,1,32.0,346.0,1,1
63.5,586.0,0,37.0,209.0,1,0
20.4,544.0,0,32.0,181.0,0,0
19.6,587.0,0,48.0,426.0,0,0
39.7,583.0,0,33.0,315.0,1,0
17.1,477.0,1,38.0,228.0,1,0
27.7,495.0,1,37.0,393.0,0,1
39.0,639.0,1,36.0,373.0,1,0
35.6,612.0,1,49.0,288.0,0,0
42.9,527.0,2,38.0,392.0,0,1
34.0,552.0,0,33.0,234.0,0,0
35.8,642.0,0,29.0,126.0,0,0
40.8,718.0,0,43.0,333.0,1,0
24.2,675.0,1,40.0,342.0,0,0
10.1,582.0,1,33.0,303.0,1,1
26.7,608.0,1,24.0,613.0,1,0
43.3,509.0,1,47.0,190.0,1,0
15.3,638.0,0,26.0,363.0,1,0
43.6,639.0,2,41.0,302.0,1,0
34.0,582.0,2,52.0,617.0,1,1
17.3,557.0,1,31.0,458.0,0,0
23.1,605.0,0,33.0,340.0,0,0
35.7,653.0,0,39.0,379.0,0,1
53.3,638.0,2,37.0,329.0,1,0
7.7,729.0,3,49.0,121.0,0,0
37.8,581.0,0,22.0,376.0,1,0
37.6,613.0,1,46.0,103.0,0,1
25.3,676.0,1,51.0,148.0,0,0
41.6,586.0,0,47.0,425.0,1,1
12.3,671.0,1,31.0,450.0,0,1
32.8,650.0,1,29.0,339.0,1,0
67.4,656.0,3,30.0,279.0,1,0
28.2,542.0,0,51.0,366.0,1,0
12.9,745.0,0,24.0,286.0,0,0
42.2,469.0,0,44.0,326.0,1,1
51.8,586.0,1,40.0,412.0,1,0
40.5,685.0,0,44.0,336.0,0,0
22.6,496.0,0,32.0,234.0,0,1
30.3,707.0,1,40.0,405.0,0,0
48.2,517.0,1,29.0,466.0,1,0
34.8,466.0,1,21.0,400.0,0,0
31.8,716.0,3,33.0,153.0,1,1
46.0,555.0,2,34.0,371.0,0,0
20.8,516.0,2,34.0,205.0,0,1
50.6,727.0,0,55.0,90.0,1,0
39.7,483.0,2,48.0,344.0,1,0
31.2,553.0,1,51.0,559.0,1,1
21.3,613.0,1,24.0,404.0,0,0
31.2,543.0,1,42.0,230.0,1,0
23.3,559.0,1,46.0,322.0,0,0
17.3,744.0,2,50.0,383.0,0,0
50.5,771.0,2,61.0,224.0,1,0
29.4,717.0,3,24.0,269.0,1,0
30.8,539.0,1,38.0,316.0,1,1
47.3,597.0,1,43.0,126.0,1,1
26.9,604.0,0,37.0,289.0,0,0
13.1,605.0,0,21.0,299.0,0,1
26.0,610.0,1,37.0,152.0,1,0
37.1,615.0,0,48.0,201.0,1,0
22.0,621.0,1,31.0,257.0,0,0
35.9,691.0,1,54.0,196.0,0,0
20.0,705.0,1,33.0,213.0,0,0
25.5,787.0,1,42.0,221.0,1,0
24.8,460.0,3,50.0,378.0,1,1
32.3,652.0,2,45.0,311.0,0,0
47.3,462.0,0,39.0,140.0,1,0
10.4,515.0,0,41.0,70.0,0,0
49.3,739.0,1,38.0,284.0,1,0
37.0,586.0,0,35.0,407.0,0,1
14.6,554.0,0,39.0,75.0,1,1
29.6,586.0,1,49.0,217.0,1,1
43.0,653.0,2,33.0,194.0,0,0
38.6,667.0,1,41.0,20.0,0,0
28.3,503.0,1,38.0,258.0,0,1
33.3,626.0,2,46.0,423.0,0,0
71.7,524.0,0,41.0,57.0,1,0
33.3,560.0,1,46.0,274.0,0,0
21.7,536.0,1,28.0,217.0,1,0
42.3,736.0,1,25.0,355.0,0,0
18.9,567.0,0,52.0,265.0,0,1
38.4,483.0,1,34.0,432.0,0,0
49.8,620.0,2,37.0,244.0,1,1
53.3,663.0,1,40.0,174.0,1,1
63.1,717.0,1,37.0,507.0,1,0
12.6,580.0,1,51.0,220.0,0,0
27.3,568.0,1,24.0,284.0,0,1
69.2,684.0,2,55.0,556.0,1,1
54.6,494.0,0,23.0,416.0,1,1
42.7,678.0,1,40.0,401.0,1,1
17.3,632.0,2,46.0,228.0,0,1
29.1,648.0,0,22.0,387.0,0,0
26.3,653.0,1,46.0,424.0,1,1
12.6,519.0,0,45.0,147.0,0,0
48.6,618.0,3,47.0,417.0,1,1
41.0,498.0,2,28.0,286.0,1,1
28.4,697.0,1,39.0,269.0,1,1
32.1,548.0,0,39.0,304.0,0,0
22.7,711.0,1,32.0,236.0,0,0
66.7,626.0,0,44.0,191.0,1,0
39.5,510.0,3,30.0,287.0,1,1
44.6,507.0,4,31.0,397.0,0,0
27.8,519.0,1,43.0,264.0,1,1
49.2,554.0,0,27.0,388.0,1,0
67.7,638.0,0,46.0,282.0,1,0
44.1,416.0,0,57.0,114.0,1,0
39.9,511.0,1,29.0,461.0,0,1
13.9,570.0,0,29.0,409.0,1,1
50.6,735.0,0,46.0,162.0,1,0
28.3,577.0,0,30.0,158.0,0,0
51.5,586.0,2,38.0,306.0,1,0
37.1,451.0,1,44.0,183.0,0,0
6.2,592.0,2,49.0,198.0,1,1
23.3,502.0,1,38.0,485.0,0,1
29.9,670.0,0,55.0,316.0,1,0
29.6,795.0,0,29.0,437.0,0,0
10.9,653.0,1,37.0,582.0,1,1
23.6,501.0,0,64.0,290.0,1,0
38.5,658.0,0,40.0,367.0,0,0
29.9,522.0,0,43.0,280.0,0,0
16.6,571.0,0,36.0,331.0,0,1
36.2,612.0,1,56.0,355.0,1,0
56.5,712.0,2,52.0,229.0,1,0
8.7,609.0,1,41.0,292.0,0,1
25.8,654.0,0,42.0,150.0,0,0
36.6,606.0,1,46.0,87.0,1,0
30.0,656.0,2,46.0,174.0,0,0
33.3,591.0,2,51.0,471.0,0,0
48.1,711.0,3,43.0,347.0,0,0
33.8,471.0,1,54.0,309.0,0,1
21.8,531.0,1,39.0,334.0,0,0
41.2,500.0,1,30.0,372.0,0,0
19.0,538.0,0,33.0,455.0,0,1
32.6,512.0,1,39.0,268.0,0,0
63.6,644.0,1,33.0,382.0,1,1
39.3,541.0,3,38.0,290.0,0,1
36.5,597.0,0,30.0,318.0,0,1
6.5,552.0,0,36.0,41.0,1,1
38.5,532.0,2,42.0,341.0,1,1
31.2,609.0,3,38.0,250.0,1,1
59.9,482.0,0,38.0,338.0,1,1
36.8,502.0,0,21.0,319.0,0,0
30.7,450.0,0,31.0,456.0,0,0
51.9,537.0,2,51.0,292.0,1,0
30.3,593.0,1,42.0,378.0,1,1
49.5,704.0,0,29.0,365.0,1,0
29.0,525.0,0,47.0,270.0,0,1
14.8,742.0,0,31.0,180.0,1,0
45.2,589.0,0,32.0,329.0,1,0
35.4,639.0,0,46.0,100.0,0,0
40.5,615.0,0,38.0,351.0,0,0
47.9,652.0,2,30.0,350.0,1,0
38.6,765.0,2,29.0,500.0,0,0
14.0,728.0,1,37.0,280.0,1,1
34.4,512.0,0,40.0,179.0,1,0
26.5,562.0,0,37.0,210.0,0,0
35.1,639.0,1,32.0,347.0,1,1
38.7,504.0,0,47.0,261.0,1,0
31.3,635.0,0,38.0,308.0,1,0
35.7,593.0,0,30.0,272.0,0,0
17.6,510.0,1,26.0,301.0,0,0
29.3,631.0,1,21.0,146.0,0,0
41.1,688.0,2,44.0,123.0,1,1
29.5,515.0,2,34.0,424.0,0,0
25.8,744.0,2,28.0,282.0,1,0
61.0,621.0,1,44.0,330.0,1,0
36.6,588.0,0,22.0,159.0,1,0
18.4,635.0,0,42.0,360.0,1,1
36.4,367.0,1,22.0,268.0,0,1
40.0,670.0,1,33.0,392.0,1,0
38.5,624.0,0,26.0,365.0,1,1
38.6,559.0,1,51.0,314.0,1,0
45.9,630.0,1,35.0,304.0,1,0
27.4,636.0,2,47.0,47.0,0,0
28.4,505.0,1,32.0,288.0,1,1
18.7,608.0,2,47.0,321.0,1,1
44.6,457.0,1,42.0,238.0,1,1
17.2,763.0,1,42.0,115.0,1,0
56.8,591.0,0,29.0,335.0,1,0
18.0,573.0,2,45.0,233.0,0,1
19.1,474.0,5,33.0,348.0,0,1
17.7,567.0,1,34.0,232.0,0,1
19.6,591.0,1,50.0,231.0,1,0
19.9,625.0,1,21.0,244.0,0,0
35.7,460.0,1,49.0,310.0,1,0
5.1,567.0,2,32.0,353.0,1,1
5.0,667.0,0,48.0,293.0,1,1
20.5,630.0,1,48.0,384.0,0,1
53.3,614.0,2,56.0,378.0,1,1
20.5,660.0,0,36.0,274.0,1,0
27.2,564.0,0,39.0,412.0,0,0
61.5,528.0,1,32.0,183.0,1,1
20.1,550.0,1,44.0,350.0,1,1
33.4,664.0,3,24.0,217.0,1,0
28.9,680.0,0,46.0,395.0,1,0
37.4,600.0,0,39.0,161.0,0,0
32.9,511.0,2,31.0,300.0,0,0
49.3,584.0,2,31.0,398.0,1,0
77.4,683.0,1,38.0,43.0,1,0
45.1,664.0,0,44.0,214.0,0,0
27.0,508.0,1,44.0,285.0,0,1
37.0,621.0,0,28.0,409.0,1,1
12.8,586.0,0,21.0,388.0,0,1
10.0,564.0,1,37.0,127.0,0,1
39.3,361.0,0,30.0,237.0,1,1
14.4,510.0,0,56.0,385.0,0,1
34.6,725.0,1,34.0,518.0,0,0
19.7,594.0,0,50.0,156.0,0,0
21.9,612.0,0,31.0,479.0,0,0
11.7,591.0,0,47.0,143.0,0,0
50.2,636.0,3,26.0,506.0,0,0
51.4,657.0,1,31.0,89.0,1,0
29.4,651.0,1,26.0,337.0,1,1
42.3,706.0,1,34.0,111.0,1,0
41.9,641.0,2,21.0,217.0,0,0
18.3,753.0,0,21.0,178.0,0,0
68.6,736.0,1,29.0,353.0,1,0
17.2,602.0,0,40.0,504.0,0,1
37.3,491.0,2,38.0,506.0,1,1
10.7,496.0,2,27.0,368.0,0,0
5.0,510.0,0,53.0,387.0,1,1
55.2,616.0,2,45.0,309.0,1,0
41.3,487.0,2,55.0,259.0,1,1
14.0,599.0,0,36.0,240.0,1,0
15.4,710.0,0,24.0,385.0,1,0
57.2,656.0,0,29.0,459.0,1,0
26.4,582.0,1,21.0,333.0,0,0
43.0,595.0,2,37.0,377.0,0,1
34.7,500.0,1,33.0,185.0,0,0
39.0,633.0,2,40.0,262.0,1,0
28.3,622.0,2,36.0,135.0,0,0
31.7,469.0,0,40.0,381.0,1,1
29.0,618.0,2,42.0,205.0,0,0
39.1,621.0,1,49.0,179.0,1,1
52.6,581.0,1,44.0,133.0,1,0
26.3,526.0,2,21.0,276.0,0,0
52.4,576.0,0,37.0,308.0,1,0
53.8,551.0,0,39.0,282.0,1,0
42.7,484.0,0,36.0,365.0,1,0
14.2,712.0,0,34.0,386.0,0,0
37.6,735.0,1,50.0,220.0,1,0
8.0,580.0,0,28.0,140.0,0,1
21.9,646.0,1,26.0,139.0,1,0
51.0,461.0,0,34.0,232.0,1,1
47.4,534.0,1,31.0,265.0,1,0
40.0,594.0,1,33.0,393.0,1,1
35.5,517.0,4,54.0,482.0,1,1
28.9,757.0,0,33.0,297.0,1,0
22.6,655.0,0,32.0,240.0,0,0
38.1,611.0,1,30.0,374.0,0,0
47.2,441.0,2,48.0,305.0,1,0
