Date,HDFCBANK,ICICIBANK
2019-01-01,496.1859,348.023
2019-01-02,491.6585,348.8363
2019-01-03,487.801,347.5446
2019-01-04,489.106,349.4103
2019-01-07,489.8452,351.8022
2019-01-08,485.7683,363.714
2019-01-09,488.9559,365.7231
2019-01-10,487.0387,363.092
2019-01-11,487.824,362.1832
2019-01-14,485.4564,357.2079
2019-01-15,490.1339,356.6339
2019-01-16,489.7413,359.0736
2019-01-17,492.5363,358.4039
2019-01-18,492.0627,355.9163
2019-01-21,496.1974,355.6293
2019-01-22,493.3563,353.0938
2019-01-23,486.3226,351.5152
2019-01-24,485.5951,349.0276
2019-01-25,484.1513,341.7562
2019-01-28,481.4141,328.6964
2019-01-29,475.2814,331.8537
2019-01-30,469.9918,350.0801
2019-01-31,480.444,348.6927
2019-02-01,482.8694,339.3165
2019-02-04,486.2072,339.2208
2019-02-05,488.3207,337.403
2019-02-06,490.3071,343.7654
2019-02-07,489.0598,343.1435
2019-02-08,490.3071,339.747
2019-02-11,494.234,334.9153
2019-02-12,491.9357,329.4139
2019-02-14,487.4314,329.0791
2019-02-15,485.2255,327.3569
2019-02-18,482.7423,324.1039
2019-02-19,481.391,328.4094
2019-02-20,487.0041,330.2751
2019-02-21,488.748,336.1113
2019-02-22,483.1004,336.8289
2019-02-25,490.9425,340.2253
2019-02-26,487.5353,333.1453
2019-02-27,483.2852,330.6099
2019-02-28,479.8896,335.011
2019-03-01,481.2294,338.9338
2019-03-05,486.7154,347.5446
2019-03-06,486.0569,355.8685
2019-03-07,491.1965,354.7682
2019-03-08,491.5892,354.5768
2019-03-11,491.6469,359.5999
2019-03-12,501.4755,371.4159
2019-03-13,514.3068,374.9559
2019-03-14,513.8911,371.1289
2019-03-15,520.4164,378.2089
2019-03-18,522.3683,380.84
2019-03-19,523.8235,381.1749
2019-03-20,531.042,375.9127
2019-03-22,525.7639,374.8603
2019-03-25,526.9535,366.9191
2019-03-26,533.8947,377.0609
2019-03-27,531.146,376.1997
2019-03-28,531.9197,383.2319
2019-04-01,533.9986,381.0314
2019-04-02,530.0834,379.9789
2019-04-03,529.5983,375.1473
2019-04-04,527.5656,371.9421
2019-04-05,532.5665,373.6643
2019-04-08,528.8245,370.3634
2019-04-09,528.3278,379.9789
2019-04-10,516.8016,377.1565
2019-04-11,521.456,373.1859
2019-04-12,523.2462,377.5392
2019-04-15,528.6859,375.7692
2019-04-16,532.4395,389.403
2019-04-18,529.8062,386.9155
2019-04-22,524.0431,377.4435
2019-04-23,518.638,379.3571
2019-04-24,526.5955,383.7581
2019-04-25,522.8303,378.3046
2019-04-26,526.8726,389.5944
2019-04-30,535.3038,389.8814
2019-05-02,544.1621,378.4481
2019-05-03,546.9686,384.4279
2019-05-06,537.8445,383.9496
2019-05-07,536.4355,369.7894
2019-05-08,532.9476,365.6753
2019-05-09,529.171,364.9099
2019-05-10,530.4645,368.4499
2019-05-13,528.3163,360.0304
2019-05-14,528.478,363.9531
2019-05-15,528.2008,360.7479
2019-05-16,533.733,365.9623
2019-05-17,545.6174,372.851
2019-05-20,561.8443,390.0728
2019-05-21,555.2264,382.8492
2019-05-22,555.7,387.8244
2019-05-23,538.6877,393.0866
2019-05-24,548.2161,413.083
2019-05-27,556.3007,416.6708
2019-05-28,558.1138,415.5227
2019-05-29,558.2755,404.9983
2019-05-30,563.5074,407.7729
2019-05-31,560.2274,405.381
2019-06-03,567.5613,404.6156
2019-06-04,566.4525,400.9799
2019-06-06,559.7653,393.7563
2019-06-07,565.3784,398.588
2019-06-10,563.6575,398.1096
2019-06-11,565.5515,403.1326
2019-06-12,560.62,399.9275
2019-06-13,564.697,401.4583
2019-06-14,562.4795,399.6883
2019-06-17,559.4536,396.2918
2019-06-18,558.3563,403.898
2019-06-19,560.9203,401.6496
2019-06-20,563.9418,414.6617
2019-06-21,561.1179,412.174
2019-06-24,561.9894,410.8824
2019-06-25,564.4879,414.9008
2019-06-26,573.5989,419.6847
2019-06-27,572.2975,421.8852
2019-06-28,567.986,418.2017
2019-07-01,577.7012,420.0195
2019-07-02,579.8978,417.8668
2019-07-03,578.6542,417.1014
2019-07-04,577.2946,417.3406
2019-07-05,574.6448,417.4841
2019-07-08,560.0486,407.4859
2019-07-09,552.9714,409.9735
2019-07-10,555.2026,412.2698
2019-07-11,559.4792,408.1078
2019-07-12,556.3997,408.5862
2019-07-15,556.5973,404.0416
2019-07-16,555.7721,406.2421
2019-07-17,557.2247,406.3378
2019-07-18,560.5832,400.5493
2019-07-19,552.158,392.5604
2019-07-22,533.936,394.6704
2019-07-23,526.0916,395.1021
2019-07-24,530.1357,391.7931
2019-07-25,531.3328,392.2727
2019-07-26,529.299,398.7466
2019-07-29,521.629,411.7904
2019-07-30,523.4768,407.954
2019-07-31,523.3373,407.2347
2019-08-01,517.5488,399.9934
2019-08-02,515.8134,393.8073
2019-08-05,507.6371,386.1823
2019-08-06,509.9316,393.4715
2019-08-07,508.7435,391.6972
2019-08-08,520.1926,397.4518
2019-08-09,531.5718,402.9666
2019-08-13,517.2111,393.4715
2019-08-14,519.3307,400.2332
2019-08-16,518.9232,401.8157
2019-08-19,514.0662,406.0837
2019-08-20,517.2692,399.8495
2019-08-21,518.4921,395.1979
2019-08-22,506.4374,382.7776
2019-08-23,503.7819,379.2289
2019-08-26,525.5502,394.8143
2019-08-27,526.4355,401.48
2019-08-28,523.5353,396.0611
2019-08-29,518.7484,387.8608
2019-08-30,518.9813,392.8961
2019-09-03,515.0213,376.1118
2019-09-04,523.5936,381.243
2019-09-05,520.6584,373.0906
2019-09-06,523.1626,375.3445
2019-09-09,524.0246,379.2769
2019-09-11,524.4205,378.4616
2019-09-12,528.9745,386.2303
2019-09-13,525.853,396.4927
2019-09-16,522.7549,395.2939
2019-09-17,515.1144,384.2642
2019-09-18,509.617,383.0173
2019-09-19,512.9598,370.7888
2019-09-20,558.8724,400.425
2019-09-23,585.7306,428.0471
2019-09-24,584.1233,422.868
2019-09-25,577.5544,416.442
2019-09-26,578.8589,433.4661
2019-09-27,579.6508,430.8286
2019-09-30,571.8473,415.9625
2019-10-01,581.794,407.2347
2019-10-03,570.0305,409.8242
2019-10-04,554.2603,396.9722
2019-10-07,552.9557,399.0823
2019-10-09,572.1735,418.8398
2019-10-10,559.3151,406.3715
2019-10-11,558.4998,411.0231
2019-10-14,561.1087,411.3108
2019-10-15,569.7975,414.1882
2019-10-16,568.889,417.497
2019-10-17,568.3765,422.5803
2019-10-18,572.5695,419.8948
2019-10-22,577.368,432.6988
2019-10-23,578.4396,436.4872
2019-10-24,575.8772,436.1516
2019-10-25,572.5695,449.9147
2019-10-27,576.6226,450.3463
2019-10-29,578.8589,457.8752
2019-10-30,581.5843,451.8808
2019-10-31,573.1984,444.1121
2019-11-01,577.7175,443.3448
2019-11-04,576.2266,451.2574
2019-11-05,577.4612,449.1953
2019-11-06,585.4511,461.0403
2019-11-07,588.7354,458.9782
2019-11-08,584.9619,469.4325
2019-11-11,589.2247,476.4818
2019-11-13,585.8704,465.8837
2019-11-14,593.4875,478.2561
2019-11-15,595.3511,479.4071
2019-11-18,587.9669,477.9684
2019-11-19,592.5558,473.3167
2019-11-20,593.2313,474.7554
2019-11-21,597.8902,477.8725
2019-11-22,589.2247,476.4818
2019-11-25,592.1831,477.4409
2019-11-26,594.0233,489.8133
2019-11-27,595.5841,484.826
2019-11-28,589.481,497.9177
2019-11-29,593.9767,491.6356
2019-12-02,589.6906,490.0051
2019-12-03,584.8687,488.5185
2019-12-04,583.1217,507.6046
2019-12-05,580.3031,506.5017
2019-12-06,580.5128,503.3366
2019-12-09,579.0685,504.9671
2019-12-10,582.12,507.0772
2019-12-11,581.7706,511.7288
2019-12-12,588.6889,513.4551
2019-12-13,588.8054,515.0857
2019-12-16,585.7772,517.1957
2019-12-17,592.1831,519.0179
2019-12-18,602.0831,519.2578
2019-12-19,600.4293,518.1069
2019-12-20,604.1097,523.7654
2019-12-23,606.7653,519.1617
2019-12-24,600.5924,518.97
2019-12-26,591.8802,516.7161
2019-12-27,594.0001,526.9306
2019-12-30,597.3311,521.7035
2019-12-31,592.649,516.8599
2020-01-01,595.6772,514.798
2020-01-02,599.4742,518.4904
2020-01-03,590.9252,516.8121
2020-01-06,578.1368,504.1999
2020-01-07,587.2914,501.5144
2020-01-08,585.754,504.4396
2020-01-09,592.3228,523.9573
2020-01-10,597.5874,518.1548
2020-01-13,599.1247,516.5722
2020-01-14,600.7554,515.6131
2020-01-15,598.3094,513.6949
2020-01-16,599.8934,515.1816
2020-01-17,595.4676,510.2902
2020-01-20,584.6358,512.9756
2020-01-21,579.7207,509.331
2020-01-22,578.0901,501.4664
2020-01-23,579.9536,506.118
2020-01-24,579.8139,512.0165
2020-01-27,565.2086,515.2775
2020-01-28,569.8673,506.5976
2020-01-29,575.7607,505.063
2020-01-30,571.1951,510.434
2020-01-31,571.3115,504.152
2020-02-03,555.7045,494.4649
2020-02-04,572.9423,509.0912
2020-02-05,579.8604,517.0518
2020-02-06,577.601,519.4495
2020-02-07,578.7191,514.5103
2020-02-10,577.834,512.1125
2020-02-11,577.9737,517.6752
2020-02-12,581.8871,526.8345
2020-02-13,578.3464,518.8741
2020-02-14,568.0737,523.4778
2020-02-17,567.0488,519.4495
2020-02-18,565.2318,519.066
2020-02-19,571.7308,522.5187
2020-02-20,567.0254,524.6288
2020-02-24,563.6943,508.1801
2020-02-25,559.1986,509.2352
2020-02-26,558.7095,502.2816
2020-02-27,558.8027,494.2731
2020-02-28,548.6464,476.9134
2020-03-02,549.5548,485.4015
2020-03-03,550.5798,493.6977
2020-03-04,535.2289,487.5594
2020-03-05,536.3937,483.8669
2020-03-06,528.73,466.4592
2020-03-09,515.8715,439.0289
2020-03-11,518.8998,446.6058
2020-03-12,475.8056,408.2417
2020-03-13,498.401,428.9103
2020-03-16,465.6494,386.4221
2020-03-17,454.2819,352.2302
2020-03-18,408.5323,340.5291
2020-03-19,417.221,324.7039
2020-03-20,411.3042,331.5615
2020-03-23,359.4515,272.3849
2020-03-24,357.6579,284.3737
2020-03-25,399.1447,303.9394
2020-03-26,419.8066,316.7434
2020-03-27,421.3673,325.9508
2020-03-30,387.4511,300.5825
2020-03-31,401.544,310.5092
2020-04-01,386.5193,298.4245
2020-04-03,379.1584,274.9265
2020-04-07,417.4772,312.7631
2020-04-08,414.1229,305.9056
2020-04-09,430.9645,328.6842
2020-04-13,417.1278,317.127
2020-04-15,402.1963,313.962
2020-04-16,409.86,328.0128
2020-04-17,424.0927,360.1907
2020-04-20,440.189,346.5235
2020-04-21,429.3805,318.278
2020-04-22,432.6184,322.2103
2020-04-23,444.8944,338.515
2020-04-24,437.0209,321.1552
2020-04-27,433.1309,333.6715
2020-04-28,433.9229,345.1328
2020-04-29,455.2137,355.2993
2020-04-30,466.721,364.6026
2020-05-04,430.0094,324.2244
2020-05-05,424.6285,317.3188
2020-05-06,440.9111,327.4374
2020-05-07,430.9412,322.9775
2020-05-08,432.828,323.8887
2020-05-11,426.6551,307.0565
2020-05-12,420.0162,308.0635
2020-05-13,432.1758,324.2244
2020-05-14,416.3591,314.0099
2020-05-15,413.7734,309.5022
2020-05-18,389.7805,286.2919
2020-05-19,386.9853,288.0182
2020-05-20,399.3078,293.1494
2020-05-21,400.4492,291.9506
2020-05-22,390.8054,279.1466
2020-05-26,397.1182,280.7291
2020-05-27,420.9946,305.8096
2020-05-28,440.3753,313.4825
2020-05-29,443.3569,318.3738
2020-06-01,460.1287,325.3753
2020-06-02,466.3482,334.1511
2020-06-03,476.2483,342.2555
2020-06-04,466.6744,333.6236
2020-06-05,481.4195,342.5912
2020-06-08,473.2899,345.0849
2020-06-09,459.9657,334.2949
2020-06-10,462.0854,338.563
2020-06-11,451.2536,327.2935
2020-06-12,457.8459,330.1229
2020-06-15,442.5183,317.5586
2020-06-16,461.4099,328.924
2020-06-17,456.2154,327.9649
2020-06-18,475.1767,337.6038
2020-06-19,481.4195,348.9213
2020-06-22,479.2765,352.5179
2020-06-23,485.5892,360.7662
2020-06-24,481.0236,333.8634
2020-06-25,479.2765,336.6448
2020-06-26,492.1814,334.8224
2020-06-29,501.3128,329.0678
2020-06-30,496.5607,337.0764
2020-07-01,505.2961,349.161
2020-07-02,507.5323,348.0101
2020-07-03,500.3344,346.2358
2020-07-06,513.8682,347.051
2020-07-07,514.8699,360.6703
2020-07-08,517.2925,353.8606
2020-07-09,524.0944,355.2034
2020-07-10,514.8466,345.6123
2020-07-13,503.2694,339.1384
2020-07-14,493.2995,331.4176
2020-07-15,490.6441,331.6574
2020-07-16,495.0233,330.5544
2020-07-17,511.7485,339.3302
2020-07-20,527.868,348.154
2020-07-21,530.4304,363.3078
2020-07-22,524.7465,365.5137
2020-07-23,526.6335,376.2077
2020-07-24,521.3689,366.1851
2020-07-27,502.92,343.838
2020-07-28,506.2511,337.6998
2020-07-29,495.9784,336.6927
2020-07-30,489.4793,330.8422
2020-07-31,481.1633,332.6165
2020-08-03,466.8141,329.2117
2020-08-04,485.2864,336.6448
2020-08-05,478.7175,337.7957
2020-08-06,484.8438,344.0778
2020-08-07,486.3114,343.3105
2020-08-10,489.4793,348.6815
2020-08-11,496.9334,352.326
2020-08-12,495.5591,351.8465
2020-08-13,493.3927,352.9974
2020-08-14,481.932,346.6194
2020-08-17,481.14,345.4685
2020-08-18,492.2047,354.436
2020-08-19,496.9101,359.1357
2020-08-20,493.3694,352.7097
2020-08-21,505.7852,355.9706
2020-08-24,520.4139,364.7944
2020-08-25,521.6484,370.549
2020-08-26,521.0661,373.4263
2020-08-27,518.1078,376.1598
2020-08-28,519.226,392.944
2020-08-31,519.8547,378.4616
2020-09-01,525.1892,374.9609
2020-09-02,528.3806,376.3516
2020-09-03,526.8664,367.0962
2020-09-04,521.4622,357.3134
2020-09-07,517.3624,358.1286
2020-09-08,518.2709,360.3346
2020-09-09,510.84,352.5659
2020-09-10,508.0681,355.5391
2020-09-11,502.524,355.3473
2020-09-14,492.8802,348.8253
2020-09-15,498.7271,356.3543
2020-09-16,509.5123,359.3755
2020-09-17,504.8302,353.9086
2020-09-18,492.5774,354.436
2020-09-21,488.8504,336.357
2020-09-22,482.3746,339.9057
2020-09-23,487.8953,337.46
2020-09-24,480.0452,321.9705
2020-09-25,486.3812,334.3909
2020-09-28,491.1332,348.154
2020-09-29,495.0233,342.4473
2020-09-30,502.5008,340.2414
2020-10-01,515.7085,354.1004
2020-10-05,519.1561,357.8409
2020-10-06,533.0161,365.0342
2020-10-07,541.4719,367.0003
2020-10-08,555.2386,371.652
2020-10-09,574.6893,385.0794
2020-10-12,565.4182,387.5251
2020-10-13,558.3367,380.0441
2020-10-14,564.4166,390.1626
2020-10-15,544.733,375.0088
2020-10-16,558.756,379.9002
2020-10-19,560.7128,400.0414
2020-10-20,570.2167,397.6437
2020-10-21,580.8155,403.1105
2020-10-22,574.5728,396.0132
2020-10-23,575.7375,399.8975
2020-10-26,564.137,387.9088
2020-10-27,574.4796,393.1838
2020-10-28,563.5313,379.8523
2020-10-29,553.0956,383.5448
2020-10-30,551.3951,376.5434
2020-11-02,566.1636,400.3771
2020-11-03,581.3979,425.6974
2020-11-04,585.8005,419.1754
2020-11-05,591.2979,420.5662
2020-11-06,609.2112,424.6903
2020-11-09,624.5386,443.7764
2020-11-10,649.2769,464.0615
2020-11-11,647.5532,466.651
2020-11-12,639.0508,457.2039
2020-11-13,633.041,465.6919
2020-11-14,638.1191,466.9867
2020-11-17,656.172,466.5071
2020-11-18,656.2885,477.297
2020-11-19,640.2855,459.17
2020-11-20,653.9359,460.5607
2020-11-23,649.7195,449.0995
2020-11-24,670.032,458.6425
2020-11-25,653.5397,453.3674
2020-11-26,664.6511,455.8611
2020-11-27,671.2666,453.9909
2020-12-01,667.7492,465.2603
2020-12-02,655.4732,460.8005
2020-12-03,641.6131,462.1432
2020-12-04,645.5266,481.5171
2020-12-07,639.3071,489.5736
2020-12-08,641.194,487.6074
2020-12-09,655.5897,490.5806
2020-12-10,645.6431,486.2167
2020-12-11,644.2222,494.369
2020-12-14,639.2605,504.2957
2020-12-15,648.1822,496.8627
2020-12-16,657.2202,491.4917
2020-12-17,671.7092,489.5255
2020-12-18,657.523,495.9995
2020-12-21,639.4935,474.2759
2020-12-22,639.7031,479.8387
2020-12-23,640.8911,483.0037
2020-12-24,650.8843,492.5467
2020-12-28,658.222,498.8289
2020-12-29,664.9073,507.173
2020-12-30,667.3765,507.1251
2020-12-31,669.1469,513.1674
2021-01-01,663.9057,505.9261
2021-01-04,659.6895,509.9544
2021-01-05,664.6744,515.2775
2021-01-06,661.8093,524.341
2021-01-07,659.806,518.97
2021-01-08,666.9805,519.8812
2021-01-11,676.2049,522.4229
2021-01-12,689.9718,525.5878
2021-01-13,685.1499,533.7401
2021-01-14,684.2648,530.671
2021-01-15,683.2863,520.7923
2021-01-18,690.9501,511.3452
2021-01-19,700.6172,524.1012
2021-01-20,695.0966,528.4651
2021-01-21,687.0834,530.0956
2021-01-22,672.5245,511.9686
2021-01-25,681.5161,516.0447
2021-01-27,656.7078,500.9868
2021-01-28,638.9344,506.6455
2021-01-29,647.8095,515.0377
2021-02-01,687.9918,579.1056
2021-02-02,727.0328,592.1014
2021-02-03,733.6716,596.897
2021-02-04,735.6749,602.6036
2021-02-05,744.2937,589.0324
2021-02-08,747.8577,603.8505
2021-02-09,750.9325,607.4471
2021-02-10,736.9094,606.2963
2021-02-11,732.5302,604.8577
2021-02-12,737.0026,621.1144
2021-02-15,753.1454,646.3867
2021-02-16,757.8276,631.4247
2021-02-17,739.1224,630.4655
2021-02-18,724.121,618.285
2021-02-19,717.0396,598.5276
2021-02-22,721.186,584.9083
2021-02-23,712.4041,591.0945
2021-02-24,748.4167,614.8802
2021-02-25,748.3934,602.3159
2021-02-26,714.85,573.3031
2021-03-01,726.2641,583.4697
2021-03-02,730.5967,585.5317
2021-03-03,739.2855,606.2483
2021-03-04,723.0728,595.3624
2021-03-05,712.8,584.5247
2021-03-08,707.9082,583.1819
2021-03-09,727.9412,599.5345
2021-03-10,724.7965,600.014
2021-03-12,723.0262,587.7855
2021-03-15,712.1711,578.818
2021-03-16,704.484,570.6176
2021-03-17,696.6572,565.3906
2021-03-18,694.6307,554.9364
2021-03-19,697.6589,562.6571
2021-03-22,684.4511,549.9969
2021-03-23,698.8935,562.4174
2021-03-24,688.9469,544.2903
2021-03-25,681.7489,548.1746
2021-03-26,694.7704,554.8883
2021-03-30,723.8415,567.2608
2021-03-31,695.8652,558.2932
2021-04-01,692.6506,570.0902
2021-04-05,675.3431,547.8869
2021-04-06,670.987,542.7558
2021-04-07,674.225,554.0252
2021-04-08,667.5162,553.114
2021-04-09,662.3683,543.0435
2021-04-12,636.8846,516.5244
2021-04-13,652.3984,537.6724
2021-04-15,666.2584,551.6754
2021-04-16,665.5829,543.7628
2021-04-19,658.0123,536.8572
2021-04-20,648.2286,536.2338
2021-04-22,662.7177,555.5118
2021-04-23,658.8275,546.6401
2021-04-26,654.4716,566.9251
2021-04-27,670.265,574.2623
2021-04-28,688.0151,595.9379
2021-04-29,686.0118,596.0338
2021-04-30,657.9657,575.9407
2021-05-03,658.9673,572.344
2021-05-04,646.8078,567.3567
2021-05-05,653.4466,578.1466
2021-05-06,652.6546,583.3258
2021-05-07,659.1071,582.2707
2021-05-10,661.4831,588.1693
2021-05-11,653.8892,584.9083
2021-05-12,652.0024,570.4258
2021-05-14,646.109,572.8715
2021-05-17,670.987,598.096
2021-05-18,687.9685,607.3033
2021-05-19,679.3497,599.8702
2021-05-20,667.5162,593.3005
2021-05-21,697.5657,616.1749
2021-05-24,703.459,620.8746
2021-05-25,689.0168,623.7039
2021-05-26,688.1317,625.814
2021-05-27,690.7405,625.5742
2021-05-28,700.4308,616.7504
2021-05-31,706.2078,635.6447
2021-06-01,704.2744,623.5121
2021-06-02,700.6872,621.8337
2021-06-03,708.3974,623.656
2021-06-04,699.2662,616.4149
2021-06-07,698.7537,621.6898
2021-06-08,690.9269,616.127
2021-06-09,689.6457,610.0847
2021-06-10,689.9951,614.2089
2021-06-11,692.4643,609.7011
2021-06-14,689.2497,609.1736
2021-06-15,694.2811,618.9084
2021-06-16,691.6489,613.9211
2021-06-17,683.0302,607.1114
2021-06-18,689.4127,604.6178
2021-06-21,693.559,605.4331
2021-06-22,691.2763,605.0494
2021-06-23,692.0683,599.1509
2021-06-24,701.7354,608.1186
2021-06-25,705.8584,622.4571
2021-06-28,702.7137,623.7039
2021-06-29,702.8073,613.9211
2021-06-30,700.8655,605.0974
2021-07-01,695.6484,605.0494
2021-07-02,692.6773,614.065
2021-07-05,699.7191,621.3541
2021-07-06,718.0841,623.7039
2021-07-07,720.3301,627.2526
2021-07-08,711.4166,615.6476
2021-07-09,702.7839,612.4344
2021-07-12,695.7654,619.8195
2021-07-13,702.7136,637.7548
2021-07-14,701.4504,637.1793
2021-07-15,711.5335,640.1525
2021-07-16,712.3056,633.295
2021-07-19,688.279,629.0749
2021-07-20,675.2481,615.6476
2021-07-22,677.8449,629.1229
2021-07-23,675.0609,648.9763
2021-07-26,671.2241,649.0721
2021-07-27,673.6573,649.7435
2021-07-28,663.153,657.0327
2021-07-29,663.5974,661.3132
2021-07-30,667.4341,656.5037
2021-08-02,665.6561,655.4455
2021-08-03,671.2943,664.1028
2021-08-04,685.6119,687.4291
2021-08-05,694.7595,675.6938
2021-08-06,698.409,671.0766
2021-08-09,703.6729,676.0785
2021-08-10,705.4276,674.2028
2021-08-11,699.4852,667.1328
2021-08-12,702.5032,674.6356
2021-08-13,714.1069,677.9542
2021-08-16,716.1658,675.8862
2021-08-17,708.7028,674.4914
2021-08-18,707.9308,662.0827
2021-08-20,708.7496,654.7723
2021-08-23,713.3584,656.6961
2021-08-24,729.3839,667.9986
2021-08-25,728.7055,664.728
2021-08-26,727.489,672.1829
2021-08-27,724.5177,673.0967
2021-08-30,733.7821,686.4672
2021-08-31,739.9351,691.6614
2021-09-01,738.8589,692.4792
2021-09-02,743.491,697.5291
2021-09-03,737.4318,696.7115
2021-09-06,732.5891,693.6815
2021-09-07,734.2501,689.5934
2021-09-08,737.5956,693.4891
2021-09-09,733.9459,692.8158
2021-09-13,727.8399,680.4553
2021-09-14,724.5646,680.5034
2021-09-15,723.7457,687.1405
2021-09-16,729.8985,699.501
2021-09-17,740.2861,692.7195
2021-09-20,729.8517,682.9562
2021-09-21,726.1555,684.7357
2021-09-22,717.6162,676.5594
2021-09-23,734.601,689.6896
2021-09-24,749.3633,695.413
2021-09-27,760.3823,702.1944
2021-09-28,755.6799,689.8339
2021-09-29,745.7604,682.4752
2021-09-30,746.275,674.1547
2021-10-01,740.5433,665.9785
2021-10-04,741.9704,673.5295
2021-10-05,746.509,670.5475
2021-10-06,755.6097,663.237
2021-10-07,753.5508,675.4533
2021-10-08,749.8779,676.6077
2021-10-11,764.453,686.1305
2021-10-12,762.4877,681.6095
2021-10-13,767.0732,682.9081
2021-10-14,789.5323,699.5973
2021-10-18,781.5312,717.0559
2021-10-19,790.1405,718.9798
2021-10-20,783.1923,717.4407
2021-10-21,784.3386,726.7231
2021-10-22,786.4208,730.3783
2021-10-25,775.3082,809.6398
2021-10-26,773.3196,797.8083
2021-10-27,768.6641,803.195
2021-10-28,745.6434,768.2776
2021-10-29,740.6135,771.5001
2021-11-01,751.1179,773.2796
2021-11-02,751.7963,770.442
2021-11-03,739.9584,756.0133
2021-11-04,745.8072,752.3099
2021-11-08,748.7549,750.4342
2021-11-09,735.6538,756.5904
2021-11-10,727.6995,751.1556
2021-11-11,724.4476,742.0656
2021-11-12,726.6467,747.0193
2021-11-15,728.6353,743.8451
2021-11-16,724.3073,734.9474
2021-11-17,716.2594,732.3022
2021-11-18,720.2833,733.8413
2021-11-22,709.0303,723.3564
2021-11-23,709.124,723.2121
2021-11-24,710.2937,731.244
2021-11-25,713.9901,722.4426
2021-11-26,697.1223,694.6915
2021-11-29,702.4329,691.0363
2021-11-30,698.8302,687.1405
2021-12-01,704.0237,699.982
2021-12-02,713.8965,694.8839
2021-12-03,708.1881,689.0161
2021-12-06,703.6262,682.5234
2021-12-07,713.8731,706.6673
2021-12-08,727.0211,724.7031
2021-12-09,714.4111,726.2422
2021-12-10,712.3992,729.1279
2021-12-13,707.0651,725.2802
2021-12-14,702.9944,729.7531
2021-12-15,701.848,723.5969
2021-12-16,701.8948,712.9197
2021-12-17,689.2383,700.5591
2021-12-20,667.0598,682.9081
2021-12-21,674.6163,692.9119
2021-12-22,676.2072,704.8878
2021-12-23,675.6924,703.4449
2021-12-24,673.2595,699.4048
2021-12-27,678.8275,707.9659
2021-12-28,683.5065,707.7735
2021-12-29,680.2545,707.6772
2021-12-30,683.8339,707.6772
2021-12-31,692.2094,711.9578
2022-01-03,711.0423,735.5727
2022-01-04,715.2067,743.4123
2022-01-05,732.1913,758.0333
2022-01-06,720.447,755.1475
2022-01-07,725.5004,763.0352
2022-01-10,729.5243,779.8687
2022-01-11,732.6827,779.7725
2022-01-12,728.3546,792.3735
2022-01-13,714.9493,793.2874
2022-01-14,722.9737,788.7663
2022-01-17,711.908,788.093
2022-01-18,715.5341,791.7482
2022-01-19,710.4808,777.8005
2022-01-20,706.0591,779.3876
2022-01-21,711.9548,773.8567
2022-01-24,695.6016,768.0372
2022-01-25,696.2567,771.1152
2022-01-27,690.1272,764.3819
2022-01-28,684.6528,751.3962
2022-01-31,695.1571,758.7548
2022-02-01,700.4444,779.4359
2022-02-02,716.4465,782.7544
2022-02-03,709.0303,778.1372
2022-02-04,713.0778,774.3857
2022-02-07,686.9456,756.4461
2022-02-08,683.9977,762.3138
2022-02-09,700.7252,772.2215
2022-02-10,713.5923,774.8186
2022-02-11,710.6679,760.6785
2022-02-14,689.5424,724.9917
2022-02-15,710.1767,746.4904
2022-02-16,709.2175,734.9474
2022-02-17,704.8895,721.7693
2022-02-18,707.6266,720.3745
2022-02-21,712.1886,725.7131
2022-02-22,706.8546,722.6831
2022-02-23,702.2692,716.2383
2022-02-24,664.1355,680.4553
2022-02-25,681.3073,702.2424
2022-02-28,667.3406,714.4107
2022-03-02,643.0098,687.6215
2022-03-03,641.4892,671.7018
2022-03-04,639.3837,661.8423
2022-03-07,619.8722,628.8488
2022-03-08,621.2759,639.6702
2022-03-09,641.5594,642.0269
2022-03-10,651.6426,650.8284
2022-03-11,653.5609,652.079
2022-03-14,674.9673,669.6338
2022-03-15,666.2877,670.788
2022-03-16,677.5875,681.0323
2022-03-17,692.5135,692.6714
2022-03-21,695.5315,683.6776
2022-03-22,699.1109,690.8439
2022-03-23,692.1392,690.9401
2022-03-24,675.0141,677.3771
2022-03-25,669.5163,672.6157
2022-03-28,670.4053,683.2928
2022-03-29,679.2953,688.0543
2022-03-30,691.063,703.0601
2022-03-31,687.9749,702.483
2022-04-01,704.6554,708.2063
2022-04-04,775.2146,718.1621
2022-04-05,752.4981,713.545
2022-04-06,725.6407,713.3525
2022-04-07,709.6854,720.0378
2022-04-08,708.7028,725.5688
2022-04-11,700.0467,730.6669
2022-04-12,698.8068,734.7551
2022-04-13,685.4482,733.216
2022-04-18,652.9292,728.9355
2022-04-19,628.0136,737.1117
2022-04-20,633.6752,726.7712
2022-04-21,643.0566,733.3123
2022-04-22,634.2835,719.1721
2022-04-25,639.0327,723.5488
2022-04-26,641.9804,725.0397
2022-04-27,642.2144,708.6392
2022-04-28,641.6529,718.6912
2022-04-29,647.8526,714.9878
2022-05-02,656.7894,712.7755
2022-05-04,634.4706,696.6635
2022-05-05,633.0435,701.0401
2022-05-06,616.5034,691.8539
2022-05-09,617.5561,683.2928
2022-05-10,627.4756,684.2067
2022-05-11,631.0082,686.9962
2022-05-12,616.7844,669.2971
2022-05-13,611.2463,651.5498
2022-05-16,617.7547,656.9846
2022-05-17,621.9675,682.9562
2022-05-18,621.9201,680.4071
2022-05-19,609.211,664.0065
2022-05-20,625.2571,682.5234
2022-05-23,617.2341,683.9662
2022-05-24,624.3104,681.1767
2022-05-25,628.9728,686.1786
2022-05-26,646.9124,700.7515
2022-05-27,658.9116,711.6212
2022-05-30,663.4083,719.9897
2022-05-31,657.4442,724.174
2022-06-01,660.2369,723.9817
2022-06-02,655.6218,721.1921
2022-06-03,653.3498,715.9498
2022-06-06,652.4741,718.3064
2022-06-07,644.9717,707.2444
2022-06-08,647.2437,701.7135
2022-06-09,652.1191,704.8397
2022-06-10,639.5283,692.5753
2022-06-13,627.9315,661.7942
2022-06-14,621.0208,659.3894
2022-06-15,618.867,661.0728
2022-06-16,606.4893,652.656
2022-06-17,610.489,660.6879
2022-06-20,625.8252,659.8223
2022-06-21,632.6413,669.5856
2022-06-22,629.6592,660.4475
2022-06-23,631.9786,672.5195
2022-06-24,640.8064,686.2748
2022-06-27,641.966,690.0262
2022-06-28,637.0669,683.2448
2022-06-29,636.1439,675.9824
2022-06-30,638.061,680.2629
2022-07-01,640.7827,677.0886
2022-07-04,641.682,692.6714
2022-07-05,640.2383,692.0463
2022-07-06,649.0661,698.2987
2022-07-07,660.6866,713.7374
2022-07-08,661.3019,726.9155
2022-07-11,665.5856,740.1899
2022-07-12,658.7932,730.9555
2022-07-13,642.7234,724.5107
2022-07-14,639.5046,723.7412
2022-07-15,644.7114,722.5869
2022-07-18,637.848,742.5947
2022-07-19,638.0847,750.9152
2022-07-20,646.1314,753.2718
2022-07-21,644.0961,756.0614
2022-07-22,659.1245,769.5762
2022-07-25,661.0652,770.3939
2022-07-26,659.7162,765.969
2022-07-27,664.7573,770.0091
2022-07-28,670.6503,783.572
2022-07-29,678.8628,787.4196
2022-08-01,684.5192,792.0369
2022-08-02,676.9931,786.6021
2022-08-03,678.5787,793.3834
2022-08-04,677.7741,789.0068
2022-08-05,675.4784,806.2731
2022-08-08,692.0453,809.9019
2022-08-10,694.0569,821.3206
2022-08-11,703.2397,831.9167
2022-08-12,702.9794,846.1417
2022-08-16,711.0262,850.8348
2022-08-17,714.6945,854.7056
2022-08-18,715.5465,856.4958
2022-08-19,706.7188,842.2709
2022-08-22,695.9739,824.7074
2022-08-23,693.8203,835.981
2022-08-24,697.1573,845.0771
2022-08-25,693.3707,844.1578
2022-08-26,693.489,842.7063
2022-08-29,681.3242,828.1911
2022-08-30,703.4291,858.6248
2022-09-01,696.826,846.0932
2022-09-02,703.1451,844.2062
2022-09-05,707.6655,853.9315
2022-09-06,704.9674,855.0927
2022-09-07,701.6305,847.8834
2022-09-08,708.8725,869.7531
2022-09-09,709.3458,872.1239
2022-09-12,706.9554,877.8816
2022-09-13,716.2092,880.5911
2022-09-14,723.5696,888.4293
2022-09-15,719.8066,887.9455
2022-09-16,706.5767,879.7202
2022-09-19,711.2391,870.1401
2022-09-20,719.8066,887.123
2022-09-21,718.6943,885.6714
2022-09-22,703.3818,874.2044
2022-09-23,684.5192,853.7379
2022-09-26,675.2891,833.223
2022-09-27,669.2303,824.9977
2022-09-28,657.7282,822.0463
2022-09-29,654.3202,816.6273
2022-09-30,672.7803,834.1424
2022-10-03,668.9227,820.9334
2022-10-04,687.7615,839.6097
2022-10-06,680.1881,856.8345
2022-10-07,677.2535,854.0282
2022-10-10,669.7747,853.254
2022-10-11,662.9822,842.4644
2022-10-12,667.3133,840.2871
2022-10-13,659.6452,826.0138
2022-10-14,681.1348,842.1257
2022-10-17,684.7086,856.5926
2022-10-18,683.4305,867.9145
2022-10-19,690.436,863.2695
2022-10-20,685.7736,859.9311
2022-10-21,680.9455,877.8332
2022-10-24,691.572,896.3643
2022-10-25,686.7675,895.1547
2022-10-27,688.4242,894.5258
2022-10-28,690.4596,878.5106
2022-10-31,708.4465,879.3332
2022-11-01,716.2802,879.2363
2022-11-02,716.7299,875.4624
2022-11-03,713.5822,879.2847
2022-11-04,708.6595,876.043
2022-11-07,714.174,887.8488
2022-11-09,713.9609,881.075
2022-11-10,721.7237,881.2685
2022-11-11,762.6201,877.2526
2022-11-14,764.4661,866.0275
2022-11-15,766.3358,882.2361
2022-11-16,772.9152,884.0748
2022-11-17,765.9335,890.0744
2022-11-18,763.9219,890.6065
2022-11-21,756.0881,891.6227
2022-11-22,754.9756,893.8484
2022-11-23,756.9401,897.4772
2022-11-24,769.2469,908.5087
2022-11-25,765.6968,900.235
2022-11-28,757.4607,907.1057
2022-11-29,756.3248,916.1534
2022-11-30,761.342,922.1047
2022-12-01,766.5725,909.8151
2022-12-02,760.703,900.5253
2022-12-05,763.4721,903.4284
2022-12-06,762.6201,892.8323
2022-12-07,762.2888,892.3485
2022-12-08,766.5725,901.7833
2022-12-09,772.0396,899.848
2022-12-12,778.051,900.235
2022-12-13,780.2047,902.7994
2022-12-14,786.8077,891.9614
2022-12-15,772.3947,879.4298
2022-12-16,776.1103,872.8497
2022-12-19,778.5243,877.1559
2022-12-20,773.1519,880.3008
2022-12-21,765.6731,863.4147
2022-12-22,763.0461,861.8665
2022-12-23,756.2301,850.4962
2022-12-26,771.2822,864.334
2022-12-27,772.0632,871.5433
2022-12-28,771.4479,869.8983
2022-12-29,776.8912,878.7041
2022-12-30,770.6669,862.0599
2023-01-02,770.9271,873.2851
2023-01-03,775.9682,872.2207
2023-01-04,762.0995,870.0434
2023-01-05,757.2004,850.7382
2023-01-06,754.6917,841.9806
2023-01-09,756.159,845.1255
2023-01-10,742.3376,833.5133
2023-01-11,753.035,838.3034
2023-01-12,757.0583,832.8361
2023-01-13,757.65,845.2224
2023-01-16,750.3843,837.2874
2023-01-17,761.5551,837.1906
2023-01-18,774.998,841.4
2023-01-19,778.2166,838.1583
2023-01-20,786.1923,842.2225
2023-01-23,791.9435,843.5289
2023-01-24,802.5463,842.6096
2023-01-25,780.3703,827.6588
2023-01-27,764.8212,790.7902
2023-01-30,764.0402,796.8865
2023-01-31,758.9991,805.0151
2023-02-01,770.3829,820.5464
2023-02-02,758.928,830.1749
2023-02-03,785.1747,835.8841
2023-02-06,781.8376,826.1106
2023-02-07,782.9973,825.1913
2023-02-08,782.9026,831.336
2023-02-09,781.2697,832.9811
2023-02-10,784.3701,826.2557
2023-02-13,784.9617,823.1591
2023-02-14,792.2275,837.3357
2023-02-15,790.6182,842.6579
2023-02-16,787.7545,841.3516
2023-02-17,783.802,834.7714
2023-02-20,776.4416,824.5623
2023-02-21,779.3526,826.5945
2023-02-22,764.0638,812.1276
2023-02-23,758.8807,812.6115
2023-02-24,752.112,812.563
2023-02-27,753.9817,828.7233
2023-02-28,757.153,827.2234
2023-03-01,756.4194,828.6265
2023-03-02,749.9819,826.4008
2023-03-03,764.8685,840.4806
2023-03-06,770.2646,839.7065
2023-03-08,771.8029,843.9159
2023-03-09,771.8739,828.2879
2023-03-10,751.9699,815.4178
2023-03-13,742.4559,801.6282
2023-03-14,740.4678,803.5152
2023-03-15,729.8414,799.209
2023-03-16,734.5748,797.2737
2023-03-17,744.3965,809.2245
2023-03-20,739.2372,809.418
2023-03-21,747.6152,824.8526
2023-03-22,745.8876,832.4005
2023-03-23,739.8998,827.804
2023-03-24,738.7166,824.8526
2023-03-27,741.9352,821.2722
2023-03-28,747.9703,827.1266
2023-03-29,751.5677,823.4978
2023-03-31,761.8629,848.8995
2023-04-03,762.3362,855.2378
2023-04-05,782.7844,856.012
2023-04-06,788.7484,846.7222
2023-04-10,785.009,840.3839
2023-04-11,787.3048,853.3992
2023-04-12,797.5289,861.3826
2023-04-13,801.1025,869.9466
2023-04-17,788.8904,872.1722
2023-04-18,785.5533,867.8661
2023-04-19,788.4407,863.076
2023-04-20,791.3754,865.4953
2023-04-21,792.6534,857.028
2023-04-24,799.0672,875.5108
2023-04-25,787.7071,883.9296
2023-04-26,791.3281,885.3812
2023-04-27,795.6828,888.6713
2023-04-28,798.8069,887.9939
2023-05-02,798.6412,892.3
2023-05-03,801.434,893.0259
2023-05-04,817.8351,891.913
2023-05-05,769.4836,896.9933
2023-05-08,778.3823,907.5895
2023-05-09,778.4059,904.2026
2023-05-10,782.0033,905.7993
2023-05-11,782.524,908.8474
2023-05-12,789.4348,913.3955
2023-05-15,793.2215,915.1857
2023-05-16,788.6732,915.7664
2023-05-17,784.436,908.9926
2023-05-18,787.572,915.9114
2023-05-19,788.4818,923.4595
2023-05-22,785.681,919.637
2023-05-23,783.8376,922.5886
2023-05-24,773.5921,910.2506
2023-05-25,770.6237,909.4764
2023-05-26,773.5921,919.9758
2023-05-29,783.0237,917.5082
2023-05-30,783.6222,919.25
2023-05-31,771.2221,918.4759
2023-06-01,767.9426,905.8477
2023-06-02,769.1395,907.8314
2023-06-05,768.1341,916.1534
2023-06-06,765.7402,911.6537
2023-06-07,769.7141,909.8151
2023-06-08,770.1927,907.5895
2023-06-09,771.1024,907.7346
2023-06-12,766.4106,905.7025
2023-06-13,767.7032,913.0568
2023-06-14,766.8654,909.4281
2023-06-15,757.4337,896.6547
2023-06-16,767.3441,904.009
2023-06-19,768.0144,893.3162
2023-06-20,769.6183,895.6385
2023-06-21,783.0716,894.816
2023-06-22,786.9018,895.8321
2023-06-23,786.8539,893.6548
2023-06-26,783.0477,897.4772
2023-06-27,794.0833,905.8477
2023-06-28,802.4857,907.154
2023-06-30,814.5745,904.3961
2023-07-03,823.3839,912.0892
2023-07-04,827.4054,914.1697
2023-07-05,801.1212,927.0398
2023-07-06,801.9351,928.3947
2023-07-07,794.9451,915.8148
2023-07-10,793.0539,917.7501
2023-07-11,789.1998,914.4116
2023-07-12,781.8029,913.8794
2023-07-13,785.7048,924.8142
2023-07-14,787.3326,929.0236
2023-07-17,803.8022,937.3941
2023-07-18,803.1319,943.926
2023-07-19,806.7706,941.9905
2023-07-20,808.5181,963.4247
2023-07-21,802.2941,964.7795
2023-07-24,803.5629,959.9411
2023-07-25,812.2764,962.5538
2023-07-26,809.4517,964.2473
2023-07-27,801.0494,958.2476
2023-07-28,786.8539,964.0054
2023-07-31,790.5404,966.0375
2023-08-01,795.8307,962.4086
2023-08-02,785.4175,955.0543
2023-08-03,779.7443,933.8136
2023-08-04,791.0191,939.1359
2023-08-07,790.5643,944.1194
2023-08-08,789.918,948.2321
2023-08-09,790.2053,949.0127
2023-08-10,783.1912,940.6221
2023-08-11,775.0284,929.646
2023-08-14,771.2461,936.1829
2023-08-16,768.9958,933.2072
2023-08-17,764.7349,928.4753
2023-08-18,761.5989,927.4996
2023-08-21,761.0005,931.9388
2023-08-22,757.7448,928.8168
2023-08-23,759.612,943.3051
2023-08-24,756.1171,945.3539
2023-08-25,747.5949,946.7687
2023-08-28,755.3749,946.915
2023-08-29,761.3835,944.1832
2023-08-30,755.8297,935.5488
2023-08-31,752.3587,935.4023
2023-09-01,753.9147,945.11
2023-09-04,758.6306,943.7929
2023-09-05,754.0105,944.8174
2023-09-06,763.873,934.1828
2023-09-07,771.2221,942.1343
2023-09-08,777.2307,946.915
2023-09-11,781.2524,954.4275
2023-09-12,783.6941,966.3792
2023-09-13,787.0454,965.6963
2023-09-14,786.5667,963.6474
2023-09-15,795.5914,968.2817
2023-09-18,779.9357,966.0865
2023-09-20,748.6482,963.1107
2023-09-21,743.693,935.939
2023-09-22,732.3463,927.1581
2023-09-25,732.9926,933.0607
2023-09-26,736.1764,925.5971
2023-09-27,731.0057,920.1335
2023-09-28,729.4975,919.6456
2023-09-29,730.7424,928.7192
2023-10-03,722.0049,917.4017
2023-10-04,732.2983,907.4012
2023-10-05,735.2667,917.9382
2023-10-06,734.4528,922.1824
2023-10-09,725.9307,915.7431
2023-10-10,730.0482,928.0363
2023-10-11,737.11,929.8899
2023-10-12,742.0173,931.0119
2023-10-13,735.2667,928.1338
2023-10-16,732.3223,928.2314
2023-10-17,737.876,930.6705
2023-10-18,727.6064,920.7676
2023-10-19,725.3083,912.9625
2023-10-20,729.0667,910.0355
2023-10-23,721.0473,907.3037
2023-10-25,716.4751,893.791
2023-10-26,700.6279,886.5225
2023-10-27,703.3808,890.5226
2023-10-30,711.0172,902.3766
2023-10-31,706.8997,893.0592
2023-11-01,705.9422,891.791
2023-11-02,707.0195,897.5472
2023-11-03,710.3708,911.0599
2023-11-06,715.5176,922.4263
2023-11-07,712.0465,925.0117
2023-11-08,714.1053,912.9625
2023-11-09,711.2805,914.5234
2023-11-10,714.0813,915.7431
2023-11-13,712.7886,911.6941
2023-11-15,720.2574,918.1821
2023-11-16,722.1485,913.2064
2023-11-17,720.5925,899.4009
2023-11-20,720.6404,899.0107
2023-11-21,726.7446,903.5474
2023-11-22,724.1594,900.2791
2023-11-23,728.3486,900.5229
2023-11-24,733.5192,906.7671
2023-11-28,731.8674,902.9621
2023-11-29,746.4699,916.7187
2023-11-30,746.3023,912.1819
2023-12-01,744.6746,923.6459
2023-12-04,770.528,967.0621
2023-12-05,777.3743,988.7703
2023-12-06,779.3373,978.8187
2023-12-07,780.606,974.6722
2023-12-08,791.4979,986.2336
2023-12-11,790.4446,992.3314
2023-12-12,782.5928,990.9655
2023-12-13,780.8215,989.2094
2023-12-14,790.0377,1008.4785
2023-12-15,793.1018,1012.1371
2023-12-18,792.6948,996.5755
2023-12-19,791.3543,990.7216
2023-12-20,793.3172,982.1359
2023-12-21,807.5366,979.9407
2023-12-22,799.9482,970.0866
2023-12-26,805.5018,970.8671
2023-12-27,815.4842,977.8431
2023-12-28,816.4177,981.4042
2023-12-29,818.3328,972.3306
2024-01-01,812.9946,975.0624
2024-01-02,813.4733,958.3301
2024-01-03,800.9297,960.0862
2024-01-04,809.5235,963.1107
2024-01-05,805.3822,969.5013
2024-01-08,796.4053,958.0862
2024-01-09,790.2053,955.8909
2024-01-10,792.8146,968.8671
2024-01-11,789.4871,967.0134
2024-01-12,785.7527,979.0626
2024-01-15,800.8818,985.258
2024-01-16,803.922,984.4774
2024-01-17,736.1045,957.8422
2024-01-18,711.5199,962.3302
2024-01-19,704.099,974.8673
2024-01-23,683.3683,1003.9904
2024-01-24,697.0372,974.8673
2024-01-25,686.9831,985.3555
2024-01-29,696.4387,991.6485
2024-01-30,691.4835,992.1363
2024-01-31,700.2209,1003.1124
2024-02-01,702.0403,1000.1854
2024-02-02,692.3691,999.0634
2024-02-05,691.7467,998.5756
2024-02-06,691.3877,1001.4049
2024-02-07,684.6131,997.2584
2024-02-08,671.7343,965.2084
2024-02-09,671.9976,986.0873
2024-02-12,665.4865,971.8428
2024-02-13,667.6169,994.9656
2024-02-14,662.6378,997.7951
2024-02-15,677.0008,991.8924
2024-02-16,679.8016,998.3317
2024-02-19,678.461,1018.3325
2024-02-20,696.2711,1023.2107
2024-02-21,689.0178,1026.3326
2024-02-22,679.634,1036.8209
2024-02-23,680.1367,1035.4551
2024-02-26,680.9506,1028.528
2024-02-27,679.9213,1034.3818
2024-02-28,674.7745,1020.7227
2024-02-29,671.9019,1026.5767
2024-03-01,684.9962,1060.4316
2024-03-04,685.9297,1065.7489
2024-03-05,689.8317,1061.5537
2024-03-06,690.6696,1070.3832
2024-03-07,692.3453,1061.4559
2024-03-11,683.5838,1052.4313
2024-03-12,698.7847,1050.6263
2024-03-13,699.1917,1057.5535
2024-03-14,696.8217,1057.212
2024-03-15,695.4812,1054.041
2024-03-18,692.3213,1054.8705
2024-03-19,693.9012,1057.5535
2024-03-20,685.1398,1058.0901
2024-03-21,692.1777,1055.4559
2024-03-22,690.7892,1063.7489
2024-03-26,682.4348,1057.3094
2024-03-27,689.7599,1057.3583
2024-03-28,693.207,1066.6758
2024-04-01,704.0272,1072.8712
2024-04-02,708.6473,1054.8705
2024-04-03,709.6767,1050.9678
2024-04-04,731.3648,1052.5775
2024-04-05,741.8738,1057.0168
2024-04-08,740.4613,1060.6757
2024-04-09,741.395,1080.0909
2024-04-10,735.554,1082.3837
2024-04-12,727.2233,1077.5055
2024-04-15,715.6133,1052.0897
2024-04-16,722.5794,1041.0649
2024-04-18,715.6133,1029.7474
2024-04-19,733.1362,1041.2601
2024-04-22,723.9918,1060.1877
2024-04-23,721.7894,1063.7
2024-04-24,723.7523,1070.0419
2024-04-25,723.2975,1086.6277
2024-04-26,722.8428,1080.9203
2024-04-29,732.2745,1131.8979
2024-04-30,727.774,1122.3853
2024-05-02,733.591,1111.7018
2024-05-03,727.5346,1114.2386
2024-05-06,728.9949,1118.3851
2024-05-07,721.0952,1104.3358
2024-05-08,709.8442,1095.6525
2024-05-09,693.0155,1088.5303
2024-05-10,697.8201,1089.8474
2024-05-13,706.2401,1100.5308
2024-05-14,709.0063,1093.2623
2024-05-15,698.1111,1096.9696
2024-05-16,708.6666,1103.5065
2024-05-17,710.535,1102.9698
2024-05-21,707.963,1093.6525
2024-05-22,708.157,1084.0422
2024-05-23,724.3661,1106.8726
2024-05-24,736.3047,1104.3845
2024-05-27,741.4004,1102.287
2024-05-28,742.7593,1099.5062
2024-05-29,731.9855,1075.1639
2024-05-30,735.1642,1086.579
2024-05-31,743.2689,1093.7501
2024-06-03,762.9965,1131.7515
2024-06-04,719.7801,1045.3579
2024-06-05,753.0963,1081.6521
2024-06-06,756.9302,1083.3594
2024-06-07,763.5546,1094.3842
2024-06-10,757.7067,1096.433
2024-06-11,759.4053,1090.9694
2024-06-12,763.9429,1092.2866
2024-06-13,767.1458,1080.3837
2024-06-14,774.9835,1078.725
2024-06-18,780.2734,1095.5062
2024-06-19,804.5628,1116.5801
2024-06-20,810.1438,1128.6294
2024-06-21,808.3967,1130.4344
2024-06-24,811.6241,1141.6055
2024-06-25,830.5267,1168.7773
2024-06-26,825.7464,1188.3391
2024-06-27,823.15,1190.1929
2024-06-28,817.1565,1170.3871
2024-07-01,827.5421,1182.3387
2024-07-02,839.8688,1161.6063
2024-07-03,858.3347,1172.3383
2024-07-04,838.1945,1202.9738
2024-07-05,799.8311,1203.364
2024-07-08,793.6434,1204.974
2024-07-09,794.2016,1217.8524
2024-07-10,789.1545,1212.9254
2024-07-11,787.1161,1208.291
2024-07-12,787.5044,1202.8762
2024-07-15,787.2131,1199.9979
2024-07-16,786.0728,1209.7057
2024-07-18,783.6705,1219.8525
2024-07-19,780.0307,1218.2428
2024-07-22,797.1378,1210.9253
2024-07-23,785.4175,1196.876
2024-07-24,778.4534,1193.2173
2024-07-25,784.5441,1168.7286
2024-07-26,785.2963,1177.802
2024-07-29,778.9388,1183.1681
2024-07-30,784.0344,1179.9972
2024-07-31,784.1315,1185.3146
2024-08-01,795.3178,1180.6313
2024-08-02,805.1937,1167.4115
2024-08-05,784.1315,1144.0447
2024-08-06,777.0703,1138.4346
2024-08-07,787.8926,1143.8983
2024-08-08,797.2105,1136.2395
2024-08-09,800.8502,1143.069
2024-08-12,805.6548,1154.0903
2024-08-13,778.0409,1149.7113
2024-08-14,780.2734,1143.1182
2024-08-16,792.0663,1168.3098
2024-08-19,791.7994,1157.1409
2024-08-20,794.7839,1160.6342
2024-08-21,789.0089,1156.1075
2024-08-22,791.678,1172.0984
2024-08-23,788.6448,1184.3005
2024-08-26,795.8759,1193.9443
2024-08-27,794.8083,1206.786
2024-08-28,794.4927,1204.3258
2024-08-29,795.1965,1202.4071
2024-08-30,794.3958,1209.5906
2024-09-02,789.5669,1210.3285
2024-09-03,794.6141,1227.7954
2024-09-04,796.7737,1216.6265
2024-09-05,798.545,1216.2329
2024-09-06,794.42,1188.8763
2024-09-09,799.0546,1215.2981
2024-09-10,800.923,1217.5614
2024-09-11,797.7929,1216.6265
2024-09-12,808.8093,1232.1744
2024-09-13,808.4938,1230.4031
2024-09-16,810.9203,1242.7037
2024-09-17,809.877,1247.87
2024-09-18,822.4949,1267.7969
2024-09-19,829.1436,1271.3887
2024-09-20,845.013,1317.0977
2024-09-23,854.0397,1300.8118
2024-09-24,858.0435,1297.5643
2024-09-25,863.406,1302.7306
2024-09-26,865.5172,1307.8478
2024-09-27,850.5698,1285.7557
2024-09-30,840.5725,1252.6918
2024-10-01,837.7335,1254.0695
2024-10-03,816.283,1236.3074
2024-10-04,804.4658,1219.9722
2024-10-07,785.1264,1214.2156
2024-10-08,801.2628,1216.8724
2024-10-09,792.5758,1224.3021
2024-10-10,806.7709,1223.6624
2024-10-11,801.2385,1203.4894
2024-10-14,819.2433,1212.0999
2024-10-15,817.3021,1235.4711
2024-10-16,824.9214,1223.318
2024-10-17,811.988,1211.6078
2024-10-18,816.2101,1244.3274
2024-10-21,838.9467,1238.9645
2024-10-22,832.0797,1247.2795
2024-10-23,842.3924,1231.6332
2024-10-24,849.1138,1232.7649
2024-10-25,846.0807,1235.4218
2024-10-28,841.6158,1272.2252
2024-10-29,850.1815,1310.603
2024-10-30,841.81,1291.2173
2024-10-31,842.3439,1271.6348
2024-11-01,843.1204,1271.192
2024-11-04,831.8613,1256.8248
2024-11-05,853.0933,1276.0137
2024-11-06,851.8315,1281.5736
2024-11-07,847.6094,1258.3009
2024-11-08,851.4433,1238.7675
2024-11-11,857.1942,1249.0509
2024-11-12,833.851,1250.3302
2024-11-13,815.9675,1233.6997
2024-11-14,821.5,1236.8978
2024-11-18,827.4935,1233.4536
2024-11-19,845.5226,1229.1731
2024-11-21,845.013,1230.6001
2024-11-22,847.1483,1257.6613
2024-11-25,866.5605,1280.1959
2024-11-26,866.5363,1284.1321
2024-11-27,879.5182,1279.9498
2024-11-28,870.2245,1265.8289
2024-11-29,871.6321,1279.3595
2024-12-02,875.8299,1283.837
2024-12-03,886.3125,1287.5271
2024-12-04,902.7158,1295.0551
2024-12-05,905.4578,1315.1787
2024-12-06,900.6532,1307.5525
2024-12-09,907.5203,1301.2054
2024-12-10,906.5981,1309.2253
2024-12-11,904.1717,1306.3224
2024-12-12,902.3032,1308.0444
2024-12-13,908.3696,1323.4448
2024-12-16,905.1908,1324.6256
2024-12-17,889.6854,1312.4728
2024-12-18,878.7417,1293.1854
2024-12-19,870.3945,1266.3701
2024-12-20,859.7178,1267.8461
2024-12-23,874.0343,1276.1122
2024-12-24,872.6268,1276.5549
2024-12-26,869.0598,1276.6534
2024-12-27,872.6996,1286.6907
2024-12-30,862.8237,1273.9965
2024-12-31,860.3729,1261.2039
2025-01-01,865.1774,1263.172
2025-01-02,870.5158,1270.0111
2025-01-03,848.8954,1244.8688
2025-01-06,830.1141,1243.9338
2025-01-07,831.5215,1258.842
2025-01-08,822.2523,1243.5895
2025-01-09,809.3917,1242.261
2025-01-10,804.0291,1229.9111
2025-01-13,791.4596,1210.1317
2025-01-14,799.1031,1220.5135
2025-01-15,797.3804,1218.4962
2025-01-16,801.7481,1229.1731
2025-01-17,794.3229,1205.9004
2025-01-20,801.3599,1213.2806
2025-01-21,797.0649,1177.0677
2025-01-22,808.5424,1181.2992
2025-01-23,807.9843,1182.5785
2025-01-24,800.6562,1189.9097
2025-01-27,790.9501,1208.3604
2025-01-28,810.6535,1227.0083
2025-01-29,814.002,1231.6824
2025-01-30,820.8934,1235.5695
2025-01-31,824.4118,1232.8142
2025-02-01,820.6264,1235.5203
2025-02-03,814.3417,1233.0109
2025-02-04,835.1613,1247.9684
2025-02-05,843.363,1247.4763
2025-02-06,846.2991,1252.1014
2025-02-07,840.9122,1236.8488
2025-02-10,832.662,1242.4576
2025-02-11,825.6979,1232.7649
2025-02-12,828.3185,1231.8301
2025-02-13,823.9023,1228.9763
2025-02-14,822.5191,1239.9977
2025-02-17,833.4385,1231.1904
2025-02-18,836.2048,1223.2196
2025-02-19,838.2188,1241.5228
2025-02-20,818.758,1230.0095
2025-02-21,821.3786,1213.2806
2025-02-24,813.905,1198.9137
2025-02-25,816.4528,1204.6212
2025-02-27,825.3582,1202.9482
2025-02-28,840.7423,1184.891
2025-03-03,825.7707,1186.9574
2025-03-04,829.8715,1191.0905
2025-03-05,820.1654,1196.3058
2025-03-06,820.7477,1198.6184
2025-03-07,819.8014,1195.1743
2025-03-10,818.9521,1195.4695
2025-03-11,817.9816,1225.5321
2025-03-12,830.4296,1224.1052
2025-03-13,828.2215,1230.108
2025-03-17,830.0656,1248.7556
2025-03-18,830.0656,1248.7556
2025-03-19,846.4204,1292.1521
2025-03-20,858.3832,1300.6149
2025-03-21,859.1597,1321.6735
2025-03-24,873.549,1336.4835
2025-03-25,883.9587,1322.2639
2025-03-26,876.7277,1314.5884
2025-03-27,885.8514,1315.3264
2025-03-28,887.2345,1326.8397
2025-04-01,857.9464,1297.4166
2025-04-02,872.0445,1310.0126
2025-04-03,871.0496,1308.3397
2025-04-04,881.9448,1313.998
2025-04-07,853.0205,1267.0098
2025-04-08,858.5773,1279.1627
2025-04-09,856.5633,1280.0483
2025-04-11,876.8248,1290.7252
2025-04-15,905.0452,1328.6602
2025-04-16,911.4027,1334.7614
2025-04-17,925.3309,1384.2589
2025-04-21,935.2312,1387.3094
2025-04-22,952.0228,1393.9025
2025-04-23,933.6782,1401.6765
2025-04-24,930.2325,1380.3228
2025-04-25,927.5148,1382.3893
2025-04-28,931.8826,1406.0063
2025-04-29,926.3502,1406.9905
2025-04-30,934.212,1404.235
2025-05-02,932.7076,1407.2855
2025-05-05,939.9387,1406.5968
2025-05-06,937.4636,1408.7616
2025-05-07,944.2093,1412.5011
2025-05-08,935.9106,1412.5994
2025-05-09,917.0808,1366.7429
2025-05-12,949.8389,1425.3921
2025-05-13,933.0473,1407.7776
2025-05-14,927.2237,1403.4478
2025-05-15,938.4827,1427.6554
2025-05-16,938.9196,1430.8043
2025-05-19,940.8608,1425.8842
2025-05-20,929.3105,1415.2563
2025-05-21,935.0857,1421.6526
2025-05-22,931.737,1419.0941
2025-05-23,938.3857,1426.6714
2025-05-26,941.5887,1437.299
2025-05-27,934.843,1423.3256
2025-05-28,933.4841,1430.6075
2025-05-29,935.4253,1433.2644
2025-05-30,943.8696,1422.7352
2025-06-02,937.6577,1427.3601
2025-06-03,934.0179,1414.9612
2025-06-04,942.074,1408.1711
2025-06-05,946.1505,1431.5917
2025-06-06,960.2729,1436.4133
2025-06-09,960.37,1411.9106
2025-06-10,953.7699,1400.2004
2025-06-11,946.5388,1408.1711
2025-06-12,943.1417,1402.4637
2025-06-13,930.6208,1393.5089
2025-06-16,939.2592,1404.1366
2025-06-17,936.4445,1400.4957
2025-06-18,938.5313,1390.0648
2025-06-19,939.2108,1388.7856
2025-06-20,953.4787,1404.3335
2025-06-23,945.5682,1397.4451
2025-06-24,951.6345,1401.3813
2025-06-25,961.0009,1403.0543
2025-06-26,981.1896,1416.1421
2025-06-27,988.5983,1438.8735
2025-06-30,982.0237,1422.7352
2025-07-01,987.2245,1409.1553
2025-07-02,974.4187,1405.0223
2025-07-03,974.9584,1403.1527
2025-07-04,976.0378,1419.783
2025-07-07,975.1056,1412.7963
2025-07-08,981.9746,1418.9957
2025-07-09,986.7828,1409.0569
2025-07-10,984.3297,1401.3813
2025-07-11,973.2902,1399.2164
2025-07-14,972.9468,1400.2988
2025-07-15,979.0798,1407.9745
2025-07-16,979.4723,1403.6447
2025-07-17,974.8602,1396.0674
2025-07-18,960.3862,1403.0543
2025-07-21,981.533,1442.4161
2025-07-22,984.7712,1450.0917
2025-07-23,993.2104,1464.8524
2025-07-24,988.2548,1459.7354
2025-07-25,985.9922,1453.5358
2025-07-28,987.9105,1464.6555
2025-07-29,994.3539,1462.4906
2025-07-30,996.4198,1458.7512
2025-07-31,992.6816,1457.7672
2025-08-01,989.7304,1448.1235
2025-08-04,979.7947,1439.8575
2025-08-05,972.7119,1421.3575
2025-08-06,976.4993,1420.5703
2025-08-07,981.4671,1417.323
2025-08-08,970.892,1412.9932
2025-08-11,981.5654,1413.6819
2025-08-12,968.9246,1410.1121
2025-08-13,974.0399,1408.9221
2025-08-14,979.3521,1415.3678
2025-08-18,985.5004,1422.6067
2025-08-19,979.3521,1424.2925
2025-08-20,977.9257,1418.6401
2025-08-21,979.4012,1433.9114
2025-08-22,966.3176,1424.3917
2025-08-25,966.0717,1421.2184
2025-08-26,957.5625,1404.7572
2025-08-28,942.2162,1387.4034
2025-08-29,936.1171,1386.1144
2025-09-01,935.1334,1399.204
2025-09-02,929.1327,1382.5444
2025-09-03,938.9208,1385.321
2025-09-04,945.6101,1393.75
2025-09-05,947.7252,1391.0726
2025-09-08,950.2828,1390.9734
2025-09-09,949.4467,1391.965
2025-09-10,950.1845,1392.1633
2025-09-11,952.0535,1389.8826
2025-09-12,951.5617,1405.8479
2025-09-15,951.3157,1407.5338
2025-09-16,951.119,1409.7153
2025-09-17,950.7747,1407.3354
2025-09-18,961.0056,1409.8145
2025-09-19,951.1682,1390.4775
2025-09-22,948.5121,1389.7834
2025-09-23,941.626,1382.6437
2025-09-24,935.5761,1371.1405
2025-09-25,934.3956,1364.2983
2025-09-26,929.6737,1348.2336
2025-09-29,934.8383,1336.8298
2025-09-30,935.5269,1336.7307
2025-10-01,949.545,1360.53
2025-10-03,949.4467,1353.7869
2025-10-06,957.6116,1352.002
2025-10-07,966.5144,1364.3975
2025-10-08,962.7762,1358.8444
2025-10-09,961.2022,1364.6948
2025-10-10,964.9404,1368.7607
2025-10-13,961.1039,1367.8682
2025-10-14,961.2515,1372.5288
2025-10-15,962.3336,1386.7094
2025-10-16,978.1716,1405.4514
2025-10-17,986.2382,1424.59
2025-10-20,986.6317,1378.6771
2025-10-21,991.3044,1370.4464
2025-10-23,992.3865,1352.2994
2025-10-24,978.5651,1366.1824
2025-10-27,986.6317,1366.0833
2025-10-28,987.2219,1351.7045
2025-10-29,991.4519,1358.9435
2025-10-30,981.9098,1351.0104
2025-10-31,971.2363,1334.0533
2025-11-03,976.4993,1335.144
2025-11-04,969.2197,1325.7235
2025-11-06,968.6295,1309.3615
2025-11-07,966.3176,1331.7725
2025-11-10,968.4819,1336.7307
2025-11-11,975.5647,1346.9446
2025-11-12,973.4005,1347.5396
2025-11-13,970.5969,1374.3138
2025-11-14,973.4988,1361.5217
2025-11-17,980.3358,1367.4716
2025-11-18,976.3025,1361.9183
2025-11-19,978.4175,1371.5372
2025-11-20,992.4357,1371.4381
2025-11-21,981.8114,1358.0509
2025-11-24,982.8935,1356.9602
2025-11-25,973.6956,1346.4489
2025-11-26,987.5662,1363.505
2025-11-27,993.0751,1380.5612
2025-11-28,991.206,1377.1897
2025-12-01,985.7955,1378.4788
2025-12-02,973.6956,1361.5217
2025-12-03,984.2215,1379.8671
2025-12-04,980.9752,1375.1071
2025-12-05,986.976,1380.8586
2025-12-08,986.7792,1377.9829
2025-12-09,980.8768,1363.7032
2025-12-10,973.6956,1352.2002
2025-12-11,984.0248,1348.6304
2025-12-12,985.2053,1354.5802
2025-12-15,979.8931,1353.7869
2025-12-16,978.1224,1354.5802
2025-12-17,967.99,1341.0939
2025-12-18,963.7599,1345.4572
2025-12-19,969.4656,1342.7797
2025-12-22,971.6298,1357.0593
2025-12-23,980.3849,1351.6052
2025-12-24,980.9752,1348.4321
2025-12-26,975.9582,1339.1106
2025-12-29,975.5647,1332.0701
2025-12-30,974.7778,1331.2766
2025-12-31,975.0729,1331.6733
